title,summary,url,score,prob,keep,decision,decision_reason,relevance_score,relevance_prob,matched_hard,matched_soft,matched_negative,relevance_model_policy,model_used,candidate_keep_prob,candidate_drop_prob
"""남편한테 영상 보낸다""…데이트앱서 만난 여성 성폭행·협박한 30대","A씨는 이밖에도 미등록 대부업을 운영하면서 고금리 이자를 거둔 혐의도 받고 있다. A씨는 2024년 1월 지인에게 소개받은 C씨에게 114회에 걸쳐 1억6000만원을 빌려주면서 연 688.4%의 이자를 수수했다. 재판부는 ""범행의...",https://www.mt.co.kr/society/2026/05/23/2026052315390315551,0,0.4017,0,drop,candidate_hybrid_gray_drop_score_lt_threshold,0,0.4017,,,,candidate_hybrid,1,0.65,0.35
“사업자금 안 빌려줘서”…데이트앱으로 만난 여성 성폭행·촬영 협박...,A씨는 또 미등록 대부업을 운영하며 법정 이자율을 초과한 고금리 이자를 받은 혐의도 받는다. 그는 지난해 1월 지인을 통해 알게 된 피해자에게 여러 차례 돈을 빌려준 뒤 연 688% 수준의 이자를 수수한 것으로 밝혀졌다....,https://www.kyeonggi.com/article/20260523580090,0,0.4558,0,drop,candidate_hybrid_gray_drop_score_lt_threshold,0,0.4558,,,,candidate_hybrid,1,0.65,0.35
"데이트앱으로 만난 여성 폭행·강간, 영상유포 협박한 30대 실형","그러면서 ""피고인이 미등록 대부업을 영위한 기간과 제한 이자율을 초과해 수수한 이자의 금액도 많다""며 ""다만 자신의 범행을 인정하고 있고 피고인이 피해자와 합의한 점을 유리한 정상으로 참작한다""고 덧붙였다....",https://www.news1.kr/local/gyeonggi/6175193,0,0.4767,0,drop,candidate_hybrid_gray_drop_score_lt_threshold,0,0.4767,,,,candidate_hybrid,1,0.65,0.35
"지능화된 사기수법…보험업계, FDS 고도화 '총력'","보험사기 탐지와 보험금 심사 자동화, 보이스피싱 피해 예방 등 다양한 영역에서 활용되며 소비자 보호 효과를 높이고 있다. FDS(Fraud Detection System)는 평소와 다른 금융거래 패턴이나 이상 징후를 감지해 금융사기를 막는...",https://www.cstimes.com/news/articleView.html?idxno=706635,7,0.3195,0,drop,candidate_hybrid_model_drop_prob_le_threshold,7,0.3195,보험업계;보이스피싱,,,candidate_hybrid,1,0.65,0.35
"유영철, 경찰서 탈출했었다…“女 있어요?” 사창가 충격 행적","죽은 피해자의 절규 같다고 생각했다. "" 하지만 당시 형사들에게 중요한 건 유영철이 그 자리에 없다는... kr/article/25360363 “그 형사놈 팔다리 가져와라” 보이스피싱 황제, 2억 걸었다 https://www.joongang.co.kr/article...",https://www.joongang.co.kr/article/25430822,4,0.3779,0,drop,candidate_hybrid_gray_drop_score_lt_threshold,4,0.3779,보이스피싱,,,candidate_hybrid,1,0.65,0.35
"""스페이스X 투자하면 대박""…캄보디아 거점 피싱 조직원 징역 8년",거점 보이스피싱 범죄 조직원 40대 A씨에게 징역 7년에 추징금 약 4100만원을 선고했다. 또 다른 조직원 30대... 기간 피해자와 일상적인 대화를 나누면서 신뢰와 호감을 얻었다. 이후 피해자에게 일론 머스크가 운영하는...,https://www.newspim.com/news/view/20260522001191,4,0.2195,0,drop,candidate_hybrid_model_drop_prob_le_threshold,4,0.2195,보이스피싱,,,candidate_hybrid,1,0.65,0.35
"고낙준 개보위 국장 ""중기 대상 사전진단과 기술지원 확대""",또 엄중한 사후 제재책으로 ▲징벌적 과징금 ▲집당 소송 등 피해구제 강화 ▲원칙에 따른 처분을... 이는 음성 분석을 통한 보이스피싱 예방 등 공익과 사회적 이익 증진을 위해 AI학습에 개인정보가 필요한 경우...,https://zdnet.co.kr/view/?no=20260523215230,7,0.3728,1,keep,candidate_hybrid_gray_keep_domain_score_ge_threshold,7,0.3728,과징금;보이스피싱,,,candidate_hybrid,1,0.65,0.35
다음주 한은 금리 결정 촉각… 성장률 전망 조정 주목,금융당국은 연체채권 추심 시장에 대한 관리·감독 강화를 통해 소비자 피해를 줄이겠다는 방침이다. 보이스피싱 대응 강화 논의도 진행된다. 금융위원회는 금융권 협의체 운영 방안과 신종 금융사기 대응 지침 등을...,https://www.newscj.com/news/articleView.html?idxno=3403318,22,0.4968,1,keep,candidate_hybrid_keep_strong_domain_rule_anchor,22,0.4968,금융위원회;금융위;한은;보이스피싱,금리,,candidate_hybrid,1,0.65,0.35
휴대폰 보안·봉사활동 신청까지…알아두면 유용한 PASS 활용법,PASS는 보이스피싱과 스미싱 피해 예방을 위한 무료 보안 기능을 지원하고 있다. 특히 휴가철을 앞두고 관련 사기 문자가 증가하는 시기 활용도가 높을 전망이다. ‘스팸필터링’ 서비스는 택배 배송 안내나 여행 예약...,https://www.ddaily.co.kr/page/view/2026052313163194415,0,0.4575,0,drop,candidate_hybrid_drop_negative_signal,0,0.4575,보이스피싱,,여행,candidate_hybrid,1,0.65,0.35
김미영 팀장·박왕열도 이 사람 손바닥에 있었다 [월간중앙],"하지만 일반인들이 당하는 대부분 경제범죄 - 보이스피싱, 사이버 도박 등 피해금은 몇천만원이고 많아야 수억원 아닌가. 민생경제범죄 해결을 위해 기준을 낮추려 했는데 생각보다 주위 반발이 심했다. 주된 이유는...",https://www.joongang.co.kr/article/25430793,4,0.4086,0,drop,candidate_hybrid_gray_drop_score_lt_threshold,4,0.4086,보이스피싱,,,candidate_hybrid,1,0.65,0.35
"불안하게 폰만 만지는 남성... 바라보던 은행원, 보이스피싱 촉이 왔다","5000만원짜리 수표를 조직에 보내려던 보이스피싱 수거책이 은행원의 대처로 현장에서 붙잡혔다. 22일 경찰청... 이후 경찰은 이 남성이 피싱 피해자를 직접 만나 수표를 건네받은 것을 확인하고, 그를 전자금융사기 등의...",https://www.chosun.com/national/national_general/2026/05/23/FJZUHYKWRVEM5FM54W5KHAHN2M/?utm_source=naver&utm_medium=referral&utm_campaign=naver-news,4,0.1662,0,drop,candidate_hybrid_model_drop_prob_le_threshold,4,0.1662,보이스피싱,,,candidate_hybrid,1,0.65,0.35
"충주시, 시청 공무원 사칭 '위생장비 강매' 보이스피싱 주의 당부","경우 보이스피싱일 가능성이 매우 높다""고 전했다. 이어 ""이 같은 전화를 받으면 즉시 통화를 종료하고 시청 관련 부서에 직접 전화를 걸어 신분을 확인해야 한다""고 덧붙였다. 사기 의심 전화를 받거나 피해가 발생하면...",http://www.enewstoday.co.kr/news/articleView.html?idxno=2432459,4,0.3235,0,drop,candidate_hybrid_model_drop_prob_le_threshold,4,0.3235,보이스피싱,,,candidate_hybrid,1,0.65,0.35
"""휴대폰만 만지작"" 은행원 촉에 덜미…5000만원 보이스피싱 수거책 체포","경찰 조사 결과, 이 남성은 피해자를 직접 만나 현금을 받아오는 이른바 '보이스피싱 대면편취 수거책'인 것으로 드러났다. 남성은 현재 재판을 받고 있는 것으로 알려졌다. 한편, 철원경찰서는 신속한 신고로 고액의 금융...",https://www.newsis.com/view/NISX20260522_0003641316,5,0.2582,0,drop,candidate_hybrid_model_drop_prob_le_threshold,5,0.2582,보이스피싱,금융,,candidate_hybrid,1,0.65,0.35
"NH농협은행 대곡지점, 담당 직원과 팀장 보이스피싱 범죄 막아 화제!",NH농협은행 대곡지점은 6천500만 원 규모의 보이스피싱 피해를 선제적으로 예방하여 고객의 소중한 자산을 보호한 공로로 대구 달서경찰서 감사장을 받았다. 이번 사건은 지난 4월 23일  한 고객이 보험 해지금 전액을...,https://www.gukjenews.com/news/articleView.html?idxno=3590336,4,0.1646,0,drop,candidate_hybrid_model_drop_prob_le_threshold,4,0.1646,보이스피싱,,,candidate_hybrid,1,0.65,0.35
"리딩방 사기 조직원과 범죄단체조직죄, 처벌의 경계를 가르는 실무적 입...",이러한 천문학적 피해 규모는 수사기관의 대응 패러다임을 바꾸어 놓았다. 대검찰청과 경찰청은 단순 사기죄 프레임에서 벗어나 조직폭력배나 대규모 보이스피싱 조직에 적용되던 무관용 원칙과 엄벌주의 기조를 적극...,http://www.nongup.net/news/articleView.html?idxno=33155,4,0.2666,0,drop,candidate_hybrid_model_drop_prob_le_threshold,4,0.2666,보이스피싱,,,candidate_hybrid,1,0.65,0.35
"""변협 지원금 지급 예정"" 접근 뒤 변호사 개인정보 요구… 법조계 피싱...","큰 피해로 이어질 수 있다는 점이다. 여기에 '지원금 지급' 등 금전적 혜택을 내세울 경우 경계심이 낮아질 수... 이어 ""요즘 법조계에도 보이스피싱, 금융사기 등에 휘말리는 경우가 종종 보이는데 '연락처 정도는 알려줘도...",https://news.koreanbar.or.kr/news/articleView.html?idxno=35647,4,0.2904,0,drop,candidate_hybrid_model_drop_prob_le_threshold,4,0.2904,보이스피싱,,,candidate_hybrid,1,0.65,0.35
급등하는 금리에 가계 빚 부담 증가... 국내 경제에 적신호?,지난 4월 금융권 전체 가계대출도 전월보다 3조5천억원 늘어 4개월 연속 증가했다. 기타대출은 줄었지만... 금융감독원에 따르면 지난 2월 말 국내은행의 원화대출 연체율은 0.62%로 전월보다 0.06%포인트 상승했다. 이는...,https://www.tokenpost.kr/news/economy/362737,6,0.6391,1,keep,candidate_hybrid_gray_keep_domain_score_ge_threshold,6,0.6391,금융감독원,,,candidate_hybrid,1,0.65,0.35
"“도넛 금융 안 된다” 인뱅, 금리 절벽 해소 압박…‘혁신 역할론’ 다...",금융권에 따르면 지난해 말 카카오뱅크·케이뱅크·토스뱅크의 중·저신용자 대출 비중은 30%를 넘어선... 공급 목표 30% 달성…“그때는 맞고 지금은 틀리다?” 다만 금리 상승 과정에서 연체율 상승 등을 감안할 경우...,https://economist.co.kr/article/view/ecn202605110043,7,0.6012,1,keep,candidate_hybrid_gray_keep_domain_score_ge_threshold,7,0.6012,연체율,금리;대출;금융,,candidate_hybrid,1,0.65,0.35
[기자수첩] 美 SEC 논쟁서 더 선명해진 진옥동의 '발품 IR',"행보다"" 금융권 한 관계자의 말이다. 최근 국내 금융지주사들의 미국 증권거래위원회(SEC) 연차보고서(Form 20-F)가 논란의 중심에 섰다. 생산적 금융과 포용금융 확대가 연체율 상승이나 자산건전성 악화로 이어질 수...",https://www.apnews.kr/news/articleView.html?idxno=3048640,8,0.3674,1,keep,candidate_hybrid_keep_strong_domain_rule_anchor,8,0.3674,연체율;생산적 금융,,,candidate_hybrid,1,0.65,0.35
금주 한국은행 및 금융당국(금융위·금감원) 주요 일정,3월말 국내은행의 원화대출 연체율 현황(잠정)(석간) ※2026년 주채무계열(42개) 선정 결과(조간) ※전(全) 금융권 및 연기금 등의 해외 사모대출 투자 현황(조간) 5월27일(수) ▲14:00 금융위원회 정례회의 ※26....,http://www.joseilbo.com/news/news_read.php?uid=568850&class=18&grp=,27,0.7188,1,keep,candidate_hybrid_keep_strong_domain_rule_anchor,27,0.7188,금감원;금융위원회;금융위;한국은행;연체율,,,candidate_hybrid,1,0.65,0.35
[미국발 고금리] '영끌 가계·한계기업 어쩌나'…금융부담 확대 우려,지난달 금융권 전체 가계대출은 전월보다 3조5천억원 늘어 4개월 연속 증가세였다. 기타대출은 2조원... 금리 급등으로 중소기업이나 자영업자 연체율이 악화할 가능성도 점쳐진다. 금감원에 따르면 지난 2월 말...,https://www.yna.co.kr/view/AKR20260523041900002?input=1195m,1,0.6689,1,keep,candidate_hybrid_model_keep_prob_ge_threshold_with_domain_anchor,1,0.6689,,금리,,candidate_hybrid,1,0.65,0.35
[미국발 고금리] 유가·환율까지 3高에 기업들 비명…양극화 심화 우려...,"금융권에 따르면 국내 5대 은행의 지난달 말 기준 중소기업 연체율은 0.65%로, 대기업 연체율(0.08%)의 8배에 달했다. 산업별 양극화…車·건설·정유 등, 상대적 타격 클 듯 고금리는 기업 규모나 업종에 따라 상이한 충격을...",https://www.yna.co.kr/view/AKR20260523045100003?input=1195m,4,0.5406,0,drop,candidate_hybrid_gray_drop_score_lt_threshold,4,0.5406,연체율,,,candidate_hybrid,1,0.65,0.35
이번주 국내 주요 금융일정(5.25~5.29),"com 5월 25일(월요일) 대체휴일 5월 26일(화요일) 금융위원회, 고성능 AI 보안 위협 대응 관련 금융권 간담회 실시(12시) 이찬진 금융감독원장, 임원회의(10시) 금융감독원, 2026년 3월말 국내은행의 원화대출 연체율...",https://www.newspim.com/news/view/20260522001186,22,0.6154,1,keep,candidate_hybrid_keep_strong_domain_rule_anchor,22,0.6154,금융감독원;금융위원회;금융위;연체율,,,candidate_hybrid,1,0.65,0.35
"[지방금융 재편③] JB금융, 플랫폼·캐피탈 앞세워 전국화 실현할까",중저신용자 대출과 캐피탈 자산 비중이 높은 만큼 연체율 상승과 충당금 부담 확대 가능성을 함께 관리해야 한다는 것이다. 실제 지방 부동산 경기 둔화와 내수 침체 흐름이 이어지면서 지방금융권 전반의 건전성 관리...,http://www.finomy.com/news/articleView.html?idxno=254782,13,0.5515,1,keep,candidate_hybrid_keep_strong_domain_rule_anchor,13,0.5515,캐피탈;연체율;충당금,건전성,,candidate_hybrid,1,0.65,0.35
카드사 10월 사잇돌대출 출시…포용금융과 건전성 사이 ‘딜레마’,23일 금융권에 따르면 주요 카드사들은 상품 구조와 운영 방식 등 사잇돌대출 출시를 위한 실무 검토에... 악화와 연체율 상승을 우려하고 있다./사진=김상문 기자 사잇돌대출은 서울보증보험 보증을 기반으로 중저신용자의...,https://www.mediapen.com/news/view/1100626,9,0.5715,1,keep,candidate_hybrid_keep_strong_domain_rule_anchor,9,0.5715,카드사;연체율,건전성,,candidate_hybrid,1,0.65,0.35
"여신금융협회, 7년 만에 비관료 출신 수장…민간·정치권·학계 ‘혼전...",이재명 정부 들어 금융권 인사가 이른바 ‘탈(脫) 모피아’ 기조를 보이는 대신 정치권과 연이 있는 내부... ▶연체율·빅테크 공세…난제 수두룩=차기 회장 앞에는 업권 전반의 수익성 악화와 신사업 대응 등 풀어야 할...,https://biz.heraldcorp.com/article/10754832?ref=naver,10,0.7015,1,keep,candidate_hybrid_keep_strong_domain_rule_anchor,10,0.7015,연체율;여신금융협회,,,candidate_hybrid,1,0.65,0.35
"경북농협, 농축협 최고경영자 회의 및 소비자보호 실천결의대회 개최",경북농협본부제공 경북농협이 급변하는 금융 환경에 대응해 상호금융의 건전성을 높이고 금융소비자 권익 보호를 최우선으로 하는 고객 중심 경영을 강화하고 나섰다. 경북농협은 지난 21일 경북농협 대강당에서 관내...,https://www.dkilbo.com/news/articleView.html?idxno=545036,5,0.4868,0,drop,candidate_hybrid_gray_drop_score_lt_threshold,5,0.4868,상호금융,금융,,candidate_hybrid,1,0.65,0.35
국내 은행의 생산적 금융 역할 제고와 중요위험이전(SRT) 증권화 제도 도...,"2) - IMF(2024)는 SRT 관련 리스크를 크게 다섯 가지, 즉 ① 위험의 상호연결성 확대, ② 왜곡된 자 본신호... 자본건전성 제고 효과 분석” 참고 ​ ※ 이자료는 한국금융연구원(KIF)이 발간한 [금융브리프 ​35권...",http://www.ifs.or.kr/bbs/board.php?bo_table=News&wr_id=55792,5,0.635,0,drop,candidate_hybrid_gray_drop_score_lt_threshold,5,0.635,생산적 금융,금융,,candidate_hybrid,1,0.65,0.35
[은행 이모저모] 농협은행·iM뱅크·전북은행 등,24일 농협은행에 따르면 NH-금융MBA는 농협은행의 핵심 직무 분야별 전문인력을 체계적으로 육성해 사업... 상호 신뢰를 바탕으로 한 iM뱅크와 김창준한미연구원의 이번 협약을 통해 글로벌 시장 진출을 희망하는...,http://www.bizwnews.com/news/articleView.html?idxno=137236,3,0.4853,0,drop,candidate_hybrid_drop_generic_market_or_ipo_noise,3,0.4853,은행,,,candidate_hybrid,1,0.65,0.35
[취재후 Talk] 흔들리며 다듬은 지난 공정위 1년,양사 국내 소비자 데이터를 기술적으로 분리하고 해외직구 시장에서는 상호 사용을 전면 금지했다. 디지털... 2021년 12월 시행된 개정 공정거래법의 정보교환 담합 금지 규정이 처음 적용된 사건이자 금융권의 오랜...,https://news.tvchosun.com/site/data/html_dir/2026/05/23/2026052390097.html,0,0.5012,0,drop,candidate_hybrid_gray_drop_score_lt_threshold,0,0.5012,,,,candidate_hybrid,1,0.65,0.35
"메리츠증권, 유엔사 부지 1조3000억원 차환···PF '우량 사업장'엔 열...",참여 금융기관에는 △KB국민은행 △삼성화재 △메리츠증권 △미래에셋증권 △수협은행 △새마을금고 △신협중앙회 △신한은행 △신한카드 △IBK캐피탈 등이 이름을 올렸다. '우량 사업장'으로 돈 몰린 PF 시장 이번...,https://www.womaneconomy.co.kr/news/articleView.html?idxno=254232,12,0.7309,1,keep,candidate_hybrid_keep_strong_domain_rule_anchor,12,0.7309,새마을금고;신협;pf,,,candidate_hybrid,1,0.65,0.35
다시 커진 이자 공포…영끌족 울고 은행은 ‘표정관리’,"대출금리가 오르면서 은행권 예대금리차는 역대 최대 수준으로 벌어졌고, 이자이익 증가 기대도 커지는 분위기다. 다만 금융당국의 가계대출 관리 기조와 상생금융 압박 속에 은행들도 마냥 웃기 어려운 상황이다....",https://economist.co.kr/article/view/ecn202605200048,8,0.659,1,keep,candidate_hybrid_keep_strong_domain_rule_anchor,8,0.659,은행권;예대금리차,,,candidate_hybrid,1,0.65,0.35
카드론 성장세 꺾인 카드업계…금융당국 규제에 수익성 ‘흔들’,카드론이 총부채원리금상환비율(DSR) 규제 대상에 포함된 데 이어 총량 관리 압박까지 더해지면서... 앞서 지난 4월 금융당국이 발표한 ‘2026년도 가계부채 관리 방안’에 따르면 금융당국은 올해 가계대출 총량관리...,https://www.ceoscoredaily.com/page/view/2026051915504342401,12,0.8178,1,keep,candidate_hybrid_keep_strong_domain_rule_anchor,12,0.8178,카드론;dsr;가계부채,,,candidate_hybrid,1,0.65,0.35
주택담보대출 고정금리 5% 돌파…금리 인상 우려 현실화되나,이는 2022년 10월 이후 3년 7개월 만에 처음으로 해당 은행의 고정금리 하단이 5%를 넘어선 것이다. 한국은행... 혼합형 금리(은행채 5년물 기준)는 연 4.53~7.13%로 나타났다. 이는 불확실성이 최고조에 달했던 지난 3월과...,https://www.gokorea.kr/news/articleView.html?idxno=867285,6,0.7447,1,keep,candidate_hybrid_model_keep_prob_ge_threshold_with_domain_anchor,6,0.7447,한국은행,금리,,candidate_hybrid,1,0.65,0.35
주담대 고정금리 하단 5% 돌파…3년 7개월 만에 최고,"만으로, 한국은행이 두 차례 빅스텝을 단행한 직후 수준으로 되돌아간 셈이다. KB국민은행은 이번 주부터 혼합형 고정금리를 0.10%포인트 인상해 하단이 연 5.07%로 오른다고 24일 밝혔다. 당시 기준금리는 연 3.00%로...",http://www.hansbiz.co.kr/news/articleView.html?idxno=840500,8,0.6882,1,keep,candidate_hybrid_keep_strong_domain_rule_anchor,8,0.6882,한국은행;기준금리,,,candidate_hybrid,1,0.65,0.35
세계 장기금리 뛰자 한국도 ‘돈값’ 압박…대출금리 부담 커진다,"아시아개발은행의 아시아본드온라인에 따르면 21일 기준 한국 국고채 10년물 금리는 4.182%로 연초 대비 79.7bp 올랐다. bp는 금리 변동을 나타내는 단위로, 1bp는 0.01%포인트다. 79.7bp 상승은 약 0.797%포인트 오른 셈이다. 한국...",https://www.kmib.co.kr/article/view.asp?arcid=0029865847&code=61141111&cp=nv,1,0.6633,1,keep,candidate_hybrid_model_keep_prob_ge_threshold_with_domain_anchor,1,0.6633,,금리,,candidate_hybrid,1,0.65,0.35
"국내 증시, 빚투 급증 속 불안감 확산…금리 인상에 리스크 증대",최근 미국 국채 금리가 오르면서 한국과 미국 모두 하반기 기준금리 인상 가능성이 거론되고 있다. 5월... 국내에서도 5월 28일 한국은행 금융통화위원회가 당장은 금리를 동결하더라도 인상 신호를 낼 수 있고...,https://www.tokenpost.kr/news/market/362736,12,0.8435,1,keep,candidate_hybrid_keep_strong_domain_rule_anchor,12,0.8435,한국은행;국채;기준금리,금리,,candidate_hybrid,1,0.65,0.35
"한국은행, 기준금리 8차례 연속 동결 예측","특히 한국은행의 기준금리는 시중 대출금리의 기준 역할을 하기 때문에, 인상 시에는 주택담보대출과 기업 대출 부담이 함께 커질 가능성이 있다. 전문가들은 이 때문에 한국은행이 이번에는 물가와 성장 경로를 한 번 더...",https://www.tokenpost.kr/news/economy/362735,9,0.7659,1,keep,candidate_hybrid_keep_strong_domain_rule_anchor,9,0.7659,한국은행;기준금리,대출,,candidate_hybrid,1,0.65,0.35
'긴축 시대' 오나…한은 금리인상 시계 빨라진다[인플레 공포②],"환율, 금리가 동시에 높아지는 '3고(高)' 현상이 이어지면서 통화정책을 운용하는 한국은행의 고심도... 최지욱 한국투자증권 연구원은 ""이번 금통위에서 기준금리를 동결하되 인상 소수의견이 있을 것으로 예상한다""며...",https://www.newsis.com/view/NISX20260522_0003641674,16,0.7661,1,keep,candidate_hybrid_keep_strong_domain_rule_anchor,16,0.7661,한국은행;한은;환율;기준금리,,,candidate_hybrid,1,0.65,0.35
"[주간금융이슈] 신현송 한은 총재 첫 금통위, '매파적 금리 동결' 전망","한국은행 내부에서도 기준금리 인상 필요성을 강조하는 발언이 이어지고 있다. 유상대 부총재는 이달 초 아시아개발은행(ADB) 연차총회에서 ""금리 인하를 멈추고 인상을 고려할 시점""이라고 밝혔고, 지난 15일 취임한...",https://www.newspim.com/news/view/20260522000419,14,0.8153,1,keep,candidate_hybrid_keep_strong_domain_rule_anchor,14,0.8153,한국은행;한은;기준금리,금리,,candidate_hybrid,1,0.65,0.35
4월 원화 구매력 17년 만에 최저…환율 1520원 육박,한국은행은 이날 통화정책방향회의를 열고 현재 연 2.5%인 기준금리 조정 여부를 결정한다. 지난달 취임한 신현송 한은 총재가 처음으로 주재하는 금리 결정 회의라는 점에서도 시장의 관심이 크다. 한은은 지난해 7월...,https://www.kmib.co.kr/article/view.asp?arcid=0029865720&code=61141111&cp=nv,18,0.7943,1,keep,candidate_hybrid_keep_strong_domain_rule_anchor,18,0.7943,한국은행;한은;환율;기준금리,금리;원화,,candidate_hybrid,1,0.65,0.35
'영끌족' 어쩌나…대출 금리 급등에 가계 살림 '빨간불',앞서 한국은행이 물가와 환율을 잡기 위해 2022년 7월과 10월 두 차례 '빅스텝'(기준금리 0.50%p 인상)을 단행한 직후의 대출 금리 수준으로 되돌아간 셈이다. 당시 기준금리는 연 3.00%로 현재(2.50%)보다 0.50%p 높았는데...,http://www.wowtv.co.kr/NewsCenter/News/Read?articleId=A202605240036&t=NN,10,0.7957,1,keep,candidate_hybrid_keep_strong_domain_rule_anchor,10,0.7957,한국은행;기준금리,금리;대출,,candidate_hybrid,1,0.65,0.35
‘빚투’ 무려 36조… ‘삼전닉스’ 빚투만 7조로 증시 뇌관,증권가에서는 오는 28일로 예정된 한국은행 금융통화위원회에서 기준금리를 동결하되 인상 신호를 줄 것이며 이르면 10월부터 인상을 단행할 수 있다고 보고 있다. 금융당국은 커지는 변동성에 대비해 빚투...,https://www.dt.co.kr/article/12063982?ref=naver,8,0.724,1,keep,candidate_hybrid_keep_strong_domain_rule_anchor,8,0.724,한국은행;기준금리,,,candidate_hybrid,1,0.65,0.35
"환율 1520원 돌파 초읽기, 올해만 24차례 1500원선…""상방 압력 지속""","중동 전쟁 장기화 우려로 국제유가와 미국 국채금리가 동시에 급등한 데다 외국인의 국내주식... 한국은행 경제통계시스템에 따르면 종가(오후 3시 30분 기준) 평균 환율은 지난해 11월 1460.4원, 12월 1467.1원으로...",https://www.news1.kr/economy/trend/6173385,12,0.7309,1,keep,candidate_hybrid_keep_strong_domain_rule_anchor,12,0.7309,한국은행;환율;국채금리,,,candidate_hybrid,1,0.65,0.35
한은 8연속 기준금리 동결 유력...美 4월 PCE 주목 [한동훈의 위클리전망...,이번주에는 한국은행이 기준금리를 결정하고 우리나라 최근 실물 경제와 인구 동향을 가늠할 수 있는 지표가 공개된다. 미국에서는 핵심 인플레이션 데이터로 여겨지는 개인소비지출(PCE) 물가 통계가 나온다....,https://www.sedaily.com/article/20047657?ref=naver,13,0.7724,1,keep,candidate_hybrid_keep_strong_domain_rule_anchor,13,0.7724,한국은행;한은;기준금리,,,candidate_hybrid,1,0.65,0.35
"성장·물가·환율·부동산 모두 ‘긴축’ 신호…신현송 총재, 인상 포문...",신현송 한국은행 총재가 28일 처음으로 주재하는 통화정책방향 회의에서 어떤 긴축적 메시지를 낼지 주목된다. 24일 한은에 따르면 금통위는 오는 28일 통화정책방향 결정회의를 열고 기준금리를 결정한다. 신현송...,https://biz.heraldcorp.com/article/10743937?ref=naver,11,0.817,1,keep,candidate_hybrid_keep_strong_domain_rule_anchor,11,0.817,한국은행;환율;기준금리,,,candidate_hybrid,1,0.65,0.35
"[마켓인사이트] 급반등 성공한 코스피, '8천피' 재도전 나서나","0%선을 임계선으로 봐 왔는데, 지난 15일 기준 미 국채금리는 모든 만기물에서 임계선을 넘어섰고, 이에... 5월 한국은행 금융통화위원회, 미국 4월 개인소득, 미국 4월 개인소비지출, 미국 4월 PCE 물가지수, 미국 4월...",https://www.yna.co.kr/view/AKR20260523021600008?input=1195m,15,0.7701,1,keep,candidate_hybrid_keep_overseas_korean_market_impact,15,0.7701,한국은행;국채금리;미 국채금리,코스피,,candidate_hybrid,1,0.65,0.35
[글로벌 경제지표] 美 1분기 GDP·4월 PCE 주목…한국은행 기준금리 결정,"국내 변수는 28일 한국은행이 금융통화위원회를 열고 기준금리를 결정합니다. 한은은 앞서 지난달까지 7회 연속 기준금리를 연 2.5%로 동결했습니다. 이번에도 유지할 것이란 관측이 우세하지만, 깜짝 인상 가능성도...",https://biz.sbs.co.kr/article_hub/20000312009?division=NAVER,8,0.7838,1,keep,candidate_hybrid_keep_strong_domain_rule_anchor,8,0.7838,한국은행;기준금리,,,candidate_hybrid,1,0.65,0.35
"은행 주담대 고정금리 하단, 5% 넘는다…이자 부담 허리 휜다","앞서 한국은행이 물가와 환율을 잡기 위해 2022년 7월과 10월 두 차례 ‘빅스텝’(기준금리 0.50%p 인상)을 단행한 직후의 대출 금리 수준으로 되돌아간 셈이다. 2022년 10월 말 당시 기준금리는 연 3.00%로, 현재...",https://www.dt.co.kr/article/12063974?ref=naver,13,0.7853,1,keep,candidate_hybrid_keep_strong_domain_rule_anchor,13,0.7853,한국은행;은행;기준금리,금리;대출,,candidate_hybrid,1,0.65,0.35
(주간증시전망)중동 협상·금통위 변수 속 상승 추세 이어가나,오는 28일 한국은행 금융통화위원회가 예정돼 있습니다. 시장에선 기준금리 동결(현행 2.50%)을 기정사실로 보면서도 신현송 신임 총재의 기자회견 발언에 주목하고 있습니다. 김유미 키움증권 이코노미스트는 1분기...,http://www.newstomato.com/ReadNews.aspx?no=1301845&inflow=N,8,0.7379,1,keep,candidate_hybrid_keep_strong_domain_rule_anchor,8,0.7379,한국은행;기준금리,,,candidate_hybrid,1,0.65,0.35
[미국발 고금리] 한은 '매파적' 동결 유력…연내 인상 신호 주목,"28일 한국은행 금융통화위원회(이하 금통위)가 현재 연 2.50%인 기준금리를 동결할 것으로 전망했다. 중동발 물가 불안과 수출 호조 등을 고려하면 금리 인하 가능성은 사실상 사라졌지만, 전망 불확실성이 여전하고 내수...",https://www.yna.co.kr/view/AKR20260523041400002?input=1195m,14,0.8078,1,keep,candidate_hybrid_keep_strong_domain_rule_anchor,14,0.8078,한국은행;한은;기준금리,금리,,candidate_hybrid,1,0.65,0.35
[미국발 고금리] 불안한 '빚투'…질주하는 코스피 '뇌관' 되나,증권가에서는 오는 28일로 예정된 한국은행 금융통화위원회에서 기준금리를 동결하되 인상 신호를 줄 것이며 이르면 10월부터 인상을 단행할 수 있다고 보고 있다. 금융당국은 커지는 변동성에 대비해 빚투...,https://www.yna.co.kr/view/AKR20260523037900008?input=1195m,10,0.7293,1,keep,candidate_hybrid_keep_strong_domain_rule_anchor,10,0.7293,한국은행;기준금리,코스피,,candidate_hybrid,1,0.65,0.35
"""금리보다 연준 축소가 중요?""…워시 시대, 시장이 모르는 변수","미국 기준금리가 높은 수준에서 더 오래 유지되면 한미 금리차가 좁혀지지 않아 원화에 약세 압력이 이어진다. 원화 약세는 수입물가와 물가 기대를 자극하고, 한국은행은 국내 경기 둔화에도 불구하고 금리 인하에...",https://www.mt.co.kr/world/2026/05/24/2026052109580916774,15,0.7636,1,keep,candidate_hybrid_keep_overseas_korean_market_impact,15,0.7636,한국은행;연준;기준금리,금리;원화,,candidate_hybrid,1,0.65,0.35
미 30년물 국채 5.19% 폭등…워시발 긴축 공포에 한은 '초비상',"호의 한국은행은 내수 침체와 고환율 사이에서 금리 동결 속 '매파적 수사' 강화라는 카드를 고심하고 있다.... 그는 취임사에서 ""정적인 프레임워크 모델에서 벗어나 명확한 기준을 유지하겠다""며 연준 운영 방식의...",https://www.ziksir.com/news/articleView.html?idxno=134697,19,0.7505,1,keep,candidate_hybrid_keep_overseas_korean_market_impact,19,0.7505,한국은행;한은;연준;국채,금리,,candidate_hybrid,1,0.65,0.35
"주택담보대출 금리 5%대 재진입, 가계 이자 부담 증가","당시 한국은행은 물가와 환율 안정을 위해 2022년 7월과 10월 두 차례에 걸쳐 기준금리를 0.50%포인트씩 올리는 이른바 빅스텝을 단행했는데, 지금 대출 금리 수준이 다시 그 시기와 비슷한 구간으로 올라온 셈이다. 더...",https://www.tokenpost.kr/news/economy/362719,13,0.7269,1,keep,candidate_hybrid_keep_strong_domain_rule_anchor,13,0.7269,한국은행;환율;기준금리,금리;대출,,candidate_hybrid,1,0.65,0.35
은행 주담대 고정금리 하단 5% 넘는다…3년 7개월 만에 최고,"앞서 한국은행이 물가와 환율을 잡기 위해 2022년 7월과 10월 두 차례 '빅스텝'(기준금리 0.50%p 인상)을 단행한 직후의 대출 금리 수준으로 되돌아간 셈이다. 2022년 10월 말 당시 기준금리는 연 3.00%로, 현재 기준금리인...",https://www.yna.co.kr/view/AKR20260523050700002?input=1195m,13,0.8162,1,keep,candidate_hybrid_keep_strong_domain_rule_anchor,13,0.8162,한국은행;은행;기준금리,금리;대출,,candidate_hybrid,1,0.65,0.35
[이번주 금통위] 반도체 호황 강한 수출 회복세… 한은 성장률 상향할듯,오는 28일 금융통화위원회(금통위)에서 기준금리 동결 가능성이 유력하게 거론되는 가운데 한국은행의 올해 경제성장률 전망치가 상향 조정될 전망이다. 반도체를 중심으로 한 수출 회복세가 예상보다 강한 흐름을...,https://www.g-enews.com/view.php?ud=202605221620577462e30fcb1ba8_1,13,0.6901,1,keep,candidate_hybrid_keep_strong_domain_rule_anchor,13,0.6901,한국은행;한은;기준금리,,,candidate_hybrid,1,0.65,0.35
“3억 빌렸는데 월 200만원?”…주담대 7%대에 계산기 다시 꺼냈다,"변동금리로 이미 돈을 빌린 차주들도 금리표를 다시 들여다보는 분위기다. 24일 한국은행에 따르면 2026년... 은행권 대출금리는 기준금리 하나만 보고 움직이지 않는다. 은행이 돈을 조달하는 비용, 금융채 금리...",https://www.segye.com/newsView/20260524500476?OutUrl=naver,17,0.6843,1,keep,candidate_hybrid_keep_strong_domain_rule_anchor,17,0.6843,한국은행;은행권;기준금리;은행권 대출금리,금리,,candidate_hybrid,1,0.65,0.35
[이번주 금통위] 매파적 동결 속 인상 시그널 나올 듯... 'K-점도표' 상향...,시장에서는 이번 5월 회의가 신현송 한국은행 총재의 첫 기준금리 결정인 만큼 금리 조정보다는 대내외 경제 여건 점검에 무게가 실릴 것으로 보고 있다. 특히 이번 회의에서는 6개월 뒤 기준금리에 대한...,https://www.g-enews.com/view.php?ud=202605221446052877bb91c46fcd_1,9,0.7847,1,keep,candidate_hybrid_keep_strong_domain_rule_anchor,9,0.7847,한국은행;기준금리,금리,,candidate_hybrid,1,0.65,0.35
일본 2조 달러 역류 시작?…삼성·SK ‘금리 직격탄’ 오나,"17일 기준)의 약 45%에 해당하는 규모다. 단, 이 수치는 추산치 상단임을 감안해야 한다. 다만 일본이 금리를 올린다고 해서 이 천문학적인 돈이 한꺼번에 모두 사라지는 것은 아니다. 실제로 한국은행 분석에 따르면...",https://www.g-enews.com/view.php?ud=202605231822007988fbbec65dfb_1,7,0.6311,1,keep,candidate_hybrid_gray_keep_domain_score_ge_threshold,7,0.6311,한국은행,금리;달러,,candidate_hybrid,1,0.65,0.35
[탐사보도 뉴스프리즘] 연내 금리인하물 건너갔나 금리인상 '깜박이',"한국 사회의 이슈를 발굴하고, 다양한 시선으로 분석해 합리적인 해결책을 모색하는 뉴스프리즘... 새 중앙은행 수장을 맞는 미국의 경우 올해 안으로 기준금리를 내리긴 어려울 거란 전망이 나옵니다. 금리가 방향을...",http://www.yonhapnewstv.co.kr/news/MYH202605231336073nY,3,0.6328,0,drop,candidate_hybrid_gray_drop_score_lt_threshold,3,0.6328,기준금리,,,candidate_hybrid,1,0.65,0.35
[김남현의 채권썰] 금통위 관망…대외금리 연동 흐름,"아울러 28일 한국은행 금융통화위원회라는 빅이벤트와 미국 개인소비지출(PCE) 물가 발표가 예정돼... 또, 수정경제전망·6개월 후 기준금리를 예상해 볼 수 있는 한국판 점도표 발표 등 굵직한 이벤트가 많다. 이번...",https://www.etoday.co.kr/news/view/2587370,8,0.7087,1,keep,candidate_hybrid_keep_strong_domain_rule_anchor,8,0.7087,한국은행;기준금리,,,candidate_hybrid,1,0.65,0.35
남들 주식할 때 노는 내 돈…연 7% 저축은행 파킹통장 어떨까,저축은행들의 만기 12개월 기준 평균 예금금리는 연 3.27%다. 3개월 전인 2월 19일 당시 집계된 연 3.02%와... 한국은행 경제통계정보시스템이 집계한 저축은행 수신잔액은 지난 2월 97조9365억원으로 집계됐다. 지난해 9월부터...,https://www.asiatime.co.kr/article/20260519500376,9,0.7335,1,keep,candidate_hybrid_keep_strong_domain_rule_anchor,9,0.7335,한국은행;저축은행,,,candidate_hybrid,1,0.65,0.35
"[5월 셋째 주 세계경제동향 브리핑] 코스피 7,800선 돌파…한미 증시 동...","시장에서는 ""증시는 상승세를 이어갔지만 환율 상승과 에너지 가격 변동, 단기금리 상승 부담이 남아 있다""며 ""다음 주 미국 물가·성장 지표와 한국은행 기준금리 결정이 시장 방향성을 가를 변수""라고 분석했다....",https://www.kihoilbo.co.kr/news/articleView.html?idxno=3023739,13,0.7062,1,keep,candidate_hybrid_keep_strong_domain_rule_anchor,13,0.7062,한국은행;환율;기준금리,코스피,,candidate_hybrid,1,0.65,0.35
한은 금통위·산업활동 지표 줄줄이…다음 주 경제 분수령,"한국은행 금융통화위원회는 28일 통화정책방향 결정회의를 열고 기준금리를 결정한다. 중동 전쟁 여파로 소비자물가 상승률이 다시 오름세를 보이는 가운데, 시장에서는 금리를 동결하되 향후 인상 가능성을...",https://www.cbci.co.kr/news/articleView.html?idxno=576744,13,0.75,1,keep,candidate_hybrid_keep_strong_domain_rule_anchor,13,0.75,한국은행;한은;기준금리,,,candidate_hybrid,1,0.65,0.35
다음주 한은 금통위 주목…기준금리 동결 전망,"다음 주 한국은행 금융통화위원회의 기준금리 결정과 함께 올해 경제성장률 전망 수정치가 공개됩니다. 중동 전쟁에 따른 고유가와 환율 상승, 반도체 수출 호조 등이 맞물리며 시장의 관심이 집중되고 있습니다....",http://mbnmoney.mbn.co.kr/news/view?news_no=MM1005842099,16,0.7446,1,keep,candidate_hybrid_keep_strong_domain_rule_anchor,16,0.7446,한국은행;한은;환율;기준금리,,,candidate_hybrid,1,0.65,0.35
"한은, 28일 기준금리 결정…성장률 상향 주목",다음 주 한국은행이 통화정책방향 결정회의를 열고 기준금리와 수정된 경제성장률 전망치를 발표한다. 채권추심업 규제 강화 방안과 4월 산업활동동향 등 주요 실물경제 지표도 잇따라 공개된다. 한국은행...,https://news.tvchosun.com/site/data/html_dir/2026/05/23/2026052390025.html,18,0.7913,1,keep,candidate_hybrid_keep_strong_domain_rule_anchor,18,0.7913,한국은행;한은;채권추심;기준금리,,,candidate_hybrid,1,0.65,0.35
채권자경단이 돌아왔다…내 지갑이 위험하다,오는 5월 28일 금리 결정을 앞둔 한국은행은 일단 기준금리를 연 2.50%로 유지하면서도 긴축적 신호를 발신하는 ‘매파적(통화 긴축 선호) 동결’을 선택할 가능성이 유력하다. 한국도 중동 전쟁 여파로 국제 유가와...,https://www.khan.co.kr/article/202605231000031,9,0.7333,1,keep,candidate_hybrid_keep_strong_domain_rule_anchor,9,0.7333,한국은행;기준금리,금리,,candidate_hybrid,1,0.65,0.35
"1520원 턱밑까지 치솟은 환율…외환당국 ""필요 시 단호히 조치""","이 같은 상황에서 시장의 관심은 오는 28일 열리는 한국은행 금융통화위원회의 통화정책방향 결정회의로 향하고 있다. 시장에서는 기준금리 동결 가능성에 무게를 두고 있지만, 중동 전쟁 여파에 따른 물가 상승 압력과...",http://www.ftoday.co.kr/news/articleView.html?idxno=359405,11,0.7523,1,keep,candidate_hybrid_keep_strong_domain_rule_anchor,11,0.7523,한국은행;환율;기준금리,,,candidate_hybrid,1,0.65,0.35
신현송號 첫 금통위…동결 전망 속 ‘매파 메시지’ 주목,"이번 주 경제 일정의 중심은 결국 한국은행 기준금리 결정이다. 신현송 총재가 첫 기자간담회에서 물가, 환율, 가계부채, 성장 전망 사이의 균형을 어떻게 설명하느냐가 하반기 통화정책 방향을 가늠할 핵심 신호가 될...",https://www.betanews.net/article/view/beta202605230001,14,0.8116,1,keep,candidate_hybrid_keep_strong_domain_rule_anchor,14,0.8116,한국은행;환율;기준금리;가계부채,,,candidate_hybrid,1,0.65,0.35
[데스크 칼럼] IT 버블의 기시감(旣視感),"시장에서는 한국은행도 하반기에는 기준금리를 인상할 것이라는 전망이 나온다. 증권가 한 전문가는 미국 IT 버블과 2007년 글로벌 금융위기를 근거로 ""이제는 자신감 있게 사면 죽을 수도 있다""며...",https://www.seoulfn.com/news/articleView.html?idxno=629414,8,0.6654,1,keep,candidate_hybrid_keep_strong_domain_rule_anchor,8,0.6654,한국은행;기준금리,,,candidate_hybrid,1,0.65,0.35
"미국 장기 국채 금리 급등, 실물 경제 압박 가중",미국 장기 국채 금리가 2026년 5월 들어 가파르게 오르면서 미국 금융시장과 실물경제 전반에 긴장감이... 글로벌 채권시장의 기준으로 여겨지는 10년 만기 미국 국채 금리도 한때 연 4.69%까지 상승해 2025년 1월 이후...,https://www.tokenpost.kr/news/economy/362734,4,0.6868,1,keep,candidate_hybrid_keep_overseas_global_reference,4,0.6868,국채,금리,,candidate_hybrid,1,0.65,0.35
[미국발 고금리] 30년물 국채 연 5.2% 터치…연준 금리인상 전망 확산,글로벌 금융 시장에서 초미의 관심사로 부상한 양상이다. 금리 상승은 차입 비용 상승을 촉발해 미국 경제... 연준은 2024년 9월 기준금리를 5.25∼5.50%에서 0.5%포인트 내리며 4년 반 만에 통화 긴축 기조를 끝냈다. 이후...,https://www.yna.co.kr/view/AKR20260523049300009?input=1195m,13,0.7764,1,keep,candidate_hybrid_keep_overseas_global_reference,13,0.7764,연준;국채;기준금리,금리;금융,,candidate_hybrid,1,0.65,0.35
케빈 워시 연준 시대 개막… 연준 대수술 신호탄,"◆월가 깊숙한 곳, 6.8조 달러 '금융 배관'의 대수술 예고 워시 체제의 변화는 기준금리보다 더 깊은 곳에서 나타날 수 있다. CNBC는 워시가 말해 온 연준의 '체제 전환'이 금리나 대규모 인사 변화보다 미 경제의 금융 배관과...",https://www.newscj.com/news/articleView.html?idxno=3403303,10,0.7334,1,keep,candidate_hybrid_keep_overseas_global_reference,10,0.7334,연준;기준금리,달러;금융,,candidate_hybrid,1,0.65,0.35
[김이코의 시장분석]시장 흔드는 '보이지 않는 손' 美국채금리,최근 미국 30년 만기 국채 금리가 한때 연 5.20%까지 치솟으며 글로벌 금융위기 직전인 2007년 이후 19년 만에... 시장은 당초 올해 하반기로 갈수록 연준이 점진적인 금리 인하 사이클을 밟아 연말 기준금리가 3.00%~3.25...,https://www.mediapen.com/news/view/1100653,11,0.7148,0,drop,candidate_hybrid_drop_generic_market_or_ipo_noise,11,0.7148,국채;국채금리;기준금리,금리,,candidate_hybrid,1,0.65,0.35
"'포스트 파월' 시대 개막…케빈 워시, 연준 의장 공식 취임","크리스토퍼 월러 연준 이사는 이날 ""금리 인하 편향(easing bias)을 제거해야 한다""며 ""향후 금리 인상 가능성도 열어둬야 한다""고 밝혔다. 시장에서는 이 발언 이후 오는 10월 기준금리 인상 가능성까지 반영하기 시작했다....",https://www.shinailbo.co.kr/news/articleView.html?idxno=5023722,9,0.9028,0,drop,candidate_hybrid_drop_generic_market_or_ipo_noise,9,0.9028,연준;기준금리,금리,,candidate_hybrid,1,0.65,0.35
"[오후 뉴스브리핑] 미 SEC, 나스닥 비트코인 지수 옵션 거래 승인 外","연준 의장은 기준금리와 통화정책 방향을 결정하는 핵심 인물로, 이번 취임은 향후 금융시장과 가상자산 투자심리에 영향을 줄 수 있다. 미 하원, 폴리마켓·칼시 내부자거래 가능성 조사 계획 미국 하원...",https://www.tokenpost.kr/news/briefing/362615,12,0.6959,1,keep,candidate_hybrid_keep_strong_domain_rule_anchor,12,0.6959,연준;기준금리;가상자산,,,candidate_hybrid,1,0.65,0.35
새 美 연준 의장 케빈 워시 취임…“독립성·개혁” 강조 속 금리 행보...,"연준(Fed)은 미국의 중앙은행으로 기준금리 결정과 통화량 조절을 통해 물가와 고용을 관리하는 역할을 맡는다. 연준의 정책 방향은 글로벌 금융시장과 달러 가치, 세계 증시에 직접적인 영향을 미치는 핵심 변수로...",https://www.sentv.co.kr/article/view/sentv202605230016,15,0.7846,1,keep,candidate_hybrid_keep_overseas_global_reference,15,0.7846,연준;fed;기준금리,금리;달러,,candidate_hybrid,1,0.65,0.35
장중 '30만전자' 찍었지만… 삼전 향한 엇갈린 시선 [주간 증시해설서],원·달러 환율이 1515원대를 돌파한 것은 미국의 이란 공습 소식에 글로벌 금융시장이 출렁였던 3월 30일(1515.70원) 이후 두달 만이었다. # 채권 = 채권 금리의 상승세(가격 하락)가 이어지고 있다. 국고채(3년물)와...,https://www.thescoop.co.kr/news/articleView.html?idxno=310294,2,0.5721,0,drop,candidate_hybrid_gray_drop_score_lt_threshold,2,0.5721,,채권;달러,,candidate_hybrid,1,0.65,0.35
국채·회사채 역상관관계 회복 조짐…채권 분산투자 효용성 시험대,"국채 금리와 회사채 신용 스프레드 흐름 변화를 두고 채권 시장참가자들이 이를 리스크 모델에 어떻게 반영할 것인가라는 실무적 난제가 떠올랐다. 최근의 회귀 흐름을 장기적인 추세의 복원으로 신뢰할 것인지, 아니면...",https://www.ebn.co.kr/news/articleView.html?idxno=1709883,12,0.6396,0,drop,candidate_hybrid_drop_generic_market_or_ipo_noise,12,0.6396,회사채;스프레드;국채,채권,,candidate_hybrid,1,0.65,0.35
"일반 국채 흔들릴 때, 자산 방어 대안으로 부상한 미국 TIPS",고물가 고착화에 일반 국채 직격탄… TIPS 실질수익률 30년 만의 최고치 미국 채권 시장은 인플레이션 재발 우려로 심한 변동성을 겪었다. 블룸버그 집계 기준 미국 10년 만기 국채 금리는 최근 연 4.7% 선을 위협하며...,https://www.g-enews.com/view.php?ud=202605231736184148fbbec65dfb_1,5,0.6793,0,drop,candidate_hybrid_drop_generic_market_or_ipo_noise,5,0.6793,국채,채권,,candidate_hybrid,1,0.65,0.35
"케빈 워시, 연준 의장 취임…시장선 금리인상 전망 강화","워시는 중동발 에너지 위기로 인한 인플레이션 상승, 미 국채 장기물 금리 급등 등 연준이 수많은 리스크에... 발언은 채권시장이 금리인상 가능성을 반영하도록 재조정되는 데 영향을 줬다""고 설명했다. 그러나 일부...",https://www.bloter.net/news/articleView.html?idxno=663326,9,0.8056,0,drop,candidate_hybrid_drop_generic_market_or_ipo_noise,9,0.8056,연준;국채,금리,,candidate_hybrid,1,0.65,0.35
"[해외시황] 뉴욕증시, 계속된 종전 협상 기대·국채금리 안정에 '상승'…...","이란 측은 양측 간 견해차가 여전히 크다며 신중한 입장을 유지했지만, 시장은 호르무즈해협 정상화 가능성 등에 더 무게를 두는 분위기다. 이는 미 국채금리의 안정에도 일조했다. 글로벌 채권의 벤치마크인...",http://www.newsprime.co.kr/news/article.html?no=734476,8,0.6361,1,keep,candidate_hybrid_keep_overseas_global_reference,8,0.6361,국채금리;미 국채금리,,,candidate_hybrid,1,0.65,0.35
중동 긴장 완화 기대감에 뉴욕증시 상승…다우지수 최고치 경신,채권시장 불안도 다소 진정됐다. 10년 만기 미 국채 금리는 전날보다 2.6bp(1bp=0.01%포인트) 하락한 4.558%를 기록했다. 30년 만기 미 국채 금리는 4bp 이상 떨어진 5.06% 안팎에서 거래됐다. 국제유가는 소폭 상승...,http://www.segyebiz.com/newsView/20260523503164?OutUrl=naver,3,0.6102,1,keep,candidate_hybrid_keep_overseas_global_reference,3,0.6102,국채,,,candidate_hybrid,1,0.65,0.35
"워시, 연준 의장 취임…트럼프 금리인하 기대 속 인상론 직면",채권 시장에서 30년물 미국 국채 금리는 인플레이션 상승 위험을 반영해 최근 5.1%를 돌파하며 2007년 이후 가장 높은 수준을 기록했다. 반면 실업률은 4.3%를 유지하는 등 고용시장은 비교적 안정된 모습을 보이고 있으며...,https://www.asiatoday.co.kr/kn/view.php?key=20260523010006810,10,0.774,1,keep,candidate_hybrid_keep_overseas_global_reference,10,0.774,연준;국채,채권,,candidate_hybrid,1,0.65,0.35
뉴욕증시 금리 안정에 반등…QQQ·SOXL 매수세 집중,"반면 미국 2년물 국채수익률은 4.123%로 다시 상승했다. 시장은 장기금리 부담은 다소 줄어들었다고... 시장은 호르무즈 해협 불안 완화 가능성에 반응했고, 이는 채권시장 안정과 위험자산 선호 회복으로 이어졌다....",https://www.topstarnews.net/news/articleView.html?idxno=16069427,1,0.6586,0,drop,candidate_hybrid_drop_generic_market_or_ipo_noise,1,0.6586,,금리,,candidate_hybrid,1,0.65,0.35
중동전 종전 기대감 뉴욕증시 다우지수 또 최고치,뉴욕증시는 미·이란 간 협상 진전 가능성에 주목했고 중동 리스크가 다소 가라앉자 이번 주 초 증시를 압박했던 채권시장 불안도 다소 진정됐습니다. 10년 만기 미 국채 금리는 전날보다 2.6bp(1bp=0.01%포인트)...,https://news.bbsi.co.kr/news/articleView.html?idxno=4085281,3,0.6342,0,drop,candidate_hybrid_drop_generic_market_or_ipo_noise,3,0.6342,국채,,,candidate_hybrid,1,0.65,0.35
"지정학 갈등 풀리자 다우 또 사상 최고…시장, 화해 손짓에 베팅","채권시장의 안정세도 증시 상승에 힘을 보탰다. 연방준비제도(Fed·연준)의 수장으로 새로 취임한 케빈 워시 의장이 물가 안정과 최대 고용을 강조하며 공식 업무를 시작한 가운데, 미국 10년 만기 국채금리는...",https://www.ziksir.com/news/articleView.html?idxno=134763,14,0.8098,1,keep,candidate_hybrid_keep_overseas_global_reference,14,0.8098,연준;fed;국채금리,,,candidate_hybrid,1,0.65,0.35
"뉴욕증시, 이란戰 종전 기대감 고조에 또 최고치 경신 행진","중동 리스크가 다소 가라앉자 이번 주 초 증시를 압박했던 채권시장 불안도 다소 진정됐다. 로이터 통신은 10년 만기 미 국채 금리가 전날보다 2.6bp(1bp=0.01%포인트) 하락한 4.558%를 기록했고, 30년 만기 미 국채 금리도...",https://www.getnews.co.kr/news/articleView.html?idxno=870777,3,0.6231,0,drop,candidate_hybrid_drop_generic_market_or_ipo_noise,3,0.6231,국채,,,candidate_hybrid,1,0.65,0.35
[데일리 머니마켓] 다우 또 사상 최고 종가,"◆채권시장 미국 국채금리는 미-이란 갈등 완화 기대로 하락했다. 마켓워치(MarketWatch)는 “10년물 금리가 1.8bp 하락한 4.555%, 30년물은 1.4bp 하락한 5.079%, 2년물은 1.5bp 하락한 4.089%”라고 전했다. ◆외환시장...",https://www.bigtanews.co.kr/article/view/big202605230001,8,0.6097,1,keep,candidate_hybrid_keep_strong_domain_rule_anchor,8,0.6097,국채금리;외환시장,,,candidate_hybrid,1,0.65,0.35
미·이란 협상 기대에 뉴욕증시 상승…다우 또 사상 최고치,"채권시장도 안정을 되찾는 모습이었다. 로이터통신에 따르면 10년 만기 미국 국채 금리는 전날보다 2.6bp(1bp=0.01%포인트) 하락한 4.558%, 30년물 금리는 5.06% 안팎으로 4bp 이상 떨어졌다. 국제유가는 장중 큰 변동성을...",https://www.sentv.co.kr/article/view/sentv202605230007,3,0.6495,1,keep,candidate_hybrid_keep_overseas_global_reference,3,0.6495,국채,,,candidate_hybrid,1,0.65,0.35
'IMF 낙관론'에서 '국민배당금'까지…경제는 '말'로도 흔들린다 [금주의...,지급보증한 ABCP(자산유동화기업어음)의 신뢰 문제로 소화했다. 금액은 2천50억원 규모였지만 충격은 지방정부 보증채권 전반으로 번졌다. 이어 자금시장이 경색되자 정부는 50조원이 넘는 규모의 유동성 공급 대책을...,https://www.imaeil.com/page/view/2026051714080767888,10,0.584,1,keep,candidate_hybrid_keep_strong_domain_rule_anchor,10,0.584,abcp;cp;유동성,,,candidate_hybrid,1,0.65,0.35
"美 정부, 양자컴퓨팅 9개 기업에 3조 투자…기업 지분도 확보",뉴욕타임스는 대표 주관사 골드만삭스를 포함한 22개 주관사의 수수료 합계가 10억 달러(약 1조 5000억 원)를 웃돌 것으로 내다봤다. 스페이스X·앤스로픽·오픈AI로 이어지는 초대형 IPO 행렬이 글로벌 패시브 자금의...,https://www.sedaily.com/article/20047577?ref=naver,6,0.6382,1,keep,candidate_hybrid_keep_overseas_global_reference,6,0.6382,ipo,수수료;달러,,candidate_hybrid,1,0.65,0.35
"금융지주 체제 강화되는 보험업권…""영업력보다 자본력""",특히 최근 금융당국이 ▲새 회계제도(IFRS17) 도입 ▲신지급여력제도(K-ICS·킥스) 중심의 기본자본 규제 강화 ▲법인보험대리점(GA)에 대한 '1200% 룰' 확대 정책을 추진한 점도 주요한 경영 변수로 작용하고 있다. '1200% 룰'은...,https://view.asiae.co.kr/article/2026052115432072987,5,0.7032,1,keep,candidate_hybrid_model_keep_prob_ge_threshold_with_domain_anchor,5,0.7032,킥스,,,candidate_hybrid,1,0.65,0.35
"'턴어라운드' 선언 푸본현대생명, 3년 적자 터널 벗어나나","퇴직연금 역마진 해소에 보장성 보험 중심 체질 개선으로 1분기 흑자전환 대만 푸본금융그룹 계열... 푸본현대생명의 지급여력(K-ICS, 킥스)비율은 2024년 157.3%에서 지난해 252.1%로, 94.8%p(포인트) 뛰었다. 다만 경과조치...",https://news.dealsitetv.com/articles/170858,5,0.6571,1,keep,candidate_hybrid_model_keep_prob_ge_threshold_with_domain_anchor,5,0.6571,킥스,,,candidate_hybrid,1,0.65,0.35
"[라이벌戰] 삼성화재 독주 흔드나…DB손보, '2조 포테그라' 승부수",DB손보는 실손보험 보험료 인상 효과와 관리급여 도입 등 제도 변화 수혜 기대감도 동시에 안고 있다. 자동차보험 부문 역시 누적된 보험료 인하 영향이 완화될 경우 손익 반등 가능성이 거론된다. 다만 삼성화재의 벽...,https://www.newsworks.co.kr/news/articleView.html?idxno=841679,1,0.4086,0,drop,candidate_hybrid_gray_drop_score_lt_threshold,1,0.4086,,보험료,,candidate_hybrid,1,0.65,0.35
"금융권, 가상자산 거래소 확보전…플랫폼 주도권 경쟁","스테이블코인과 토큰증권(STO), 블록체인 기반 송금·결제 서비스 등이 미래 금융 핵심 분야로 떠오르면서, 금융사들도 관련 플랫폼 선점 경쟁에 뛰어드는 모습이다. 특히 업계는 두나무와 네이버파이낸셜 간 사업 재편...",https://www.sentv.co.kr/article/view/sentv202605220047,20,0.7863,1,keep,candidate_hybrid_keep_strong_domain_rule_anchor,20,0.7863,가상자산;토큰증권;sto;스테이블코인,금융,,candidate_hybrid,1,0.65,0.35
美 '토큰화 규제 샌드박스' 임박…韓 디지털자산 선점 경쟁 예고,"특히 스테이블코인과 토큰증권(STO), RWA 시장이 연결될 경우 기존 증권사와 가상자산 거래소 간 경계가 빠르게 흐려질 가능성이 거론된다. 금융당국 역시 오는 7월 토큰증권 관련 세부 가이드라인을 발표할 예정인...",https://www.ebn.co.kr/news/articleView.html?idxno=1709861,23,0.8478,1,keep,candidate_hybrid_keep_strong_domain_rule_anchor,23,0.8478,가상자산;토큰증권;sto;디지털자산;스테이블코인,,,candidate_hybrid,1,0.65,0.35
"100억 펜트하우스가 감옥임을 깨달은 당신, 무엇을 할 것인가","개인과 살림셀이 지구적 선에 기여한 성과를 정량 데이터로 규격화하고, 이를 블록체인 기반의 ‘살림트로피(STO 토큰증권)’로 자산화하여 거래소에서 유통하자는 구상이다. 탄소배출권 거래제처럼 가치 있는 행위에...",https://realty.chosun.com/site/data/html_dir/2026/05/22/2026052202929.html,10,0.6491,1,keep,candidate_hybrid_keep_strong_domain_rule_anchor,10,0.6491,토큰증권;sto,,,candidate_hybrid,1,0.65,0.35
"[칼럼] 멈춰 선 사모시장, 토큰화는 더 이상 선택이 아니다","그 다음 단계가 STO였다. 규제 밖이 아니라 규제 안에서 증권형 토큰을 발행하는 모델이다. 배당, 의결권, 청산우선권 등 권리를 법적으로 명확히 하고, 적격투자자 검증과 공시 의무를 따른다. 최근에는 RWA, 즉...",https://www.tokenpost.kr/news/insights/362714,5,0.5614,0,drop,candidate_hybrid_gray_drop_score_lt_threshold,5,0.5614,sto,,,candidate_hybrid,1,0.65,0.35
"[현장] 한국디지털자산학회, 동국대서 창립 총회·학술 포럼 개최","박 교수는 BCG가 2030년까지 약 16조 달러 규모의 기존 자산이 블록체인 기반으로 전환될 것으로 전망한 가운데, 한국도 STO(토큰증권) 제도 시행과 함께 부동산·국채·펀드 등 다양한 실물자산의 토큰화를 서둘러야 한다고...",http://www.hansbiz.co.kr/news/articleView.html?idxno=840479,18,0.7642,1,keep,candidate_hybrid_keep_strong_domain_rule_anchor,18,0.7642,국채;토큰증권;sto;디지털자산,달러,,candidate_hybrid,1,0.65,0.35
"서울 도심 속 비상장 코인 사기, 고령층 노린 덫 여전","해당 업체는 국내에서 가상자산 거래소를 운영하려면 갖춰야 하는 가상자산사업자(VASP) 신고·허가를 받지 않은 상태였다. 또 설명회에서 투자 대상으로 제시된 코인은 개당 0.1달러라고 홍보됐지만, 실제 가격은 0.05달러...",https://www.tokenpost.kr/news/society/362730,4,0.5158,0,drop,candidate_hybrid_gray_drop_score_lt_threshold,4,0.5158,가상자산,,,candidate_hybrid,1,0.65,0.35
"비트코인 7만5천달러 붕괴-암호화폐 시장 흔든 매도 공포, 5억달러 청산...","투자 심리가 빠르게 위축되면서 주요 가상자산 가격이 일제히 하락했고, 레버리지 투자자들의 대규모... 최근 며칠간 확대된 변동성 속에서 레버리지 거래 손실 규모는 단 몇 시간 만에 5억달러를 넘어선 것으로...",https://www.mediafine.co.kr/news/articleView.html?idxno=79481,8,0.6542,1,keep,candidate_hybrid_keep_strong_domain_rule_anchor,8,0.6542,가상자산;암호화폐,,,candidate_hybrid,1,0.65,0.35
"비트코인, 7만5000달러선까지 밀려…美 ETF 유출·규제 제동에 ‘털썩’...","이번 급락으로 가상자산 파생상품 시장도 직격탄을 맞았다. 가상자산 데이터 분석 플랫폼 코인글래스에... SEC는 이르면 이번 주 초안을 공개할 예정이었으나, 전통 증권 거래소와 규제 당국이 투자자 보호 및 시장...",https://www.ddaily.co.kr/page/view/2026052404273682239,4,0.7108,1,keep,candidate_hybrid_model_keep_prob_ge_threshold_with_domain_anchor,4,0.7108,가상자산,,,candidate_hybrid,1,0.65,0.35
“은행 참여 필수지만 은행만으론 부족…한국형 스테이블코인 인프라 설...,"거래소를 운영하며 금융위원회 가상자산사업자 신고, 미국 재무부 금융범죄단속네트워크(FinCEN) 자금서비스사업자 등록, 정보보호관리체계(ISMS) 인증을 직접 경험했다. 규제 당국과 은행이 무엇을 요구하고 우려하는지...",https://www.edaily.co.kr/news/newspath.asp?newsid=01203766645452200,24,0.7539,1,keep,candidate_hybrid_keep_strong_domain_rule_anchor,24,0.7539,금융위원회;금융위;은행;가상자산;스테이블코인,,,candidate_hybrid,1,0.65,0.35
스페이스X '스타십 V3' 첫 비행 성공…IPO 앞두고 우주 투자 열기 확산되...,암호화폐 거래소 바이낸스(Binance)가 스페이스엑스 주식과 연동된 무기한 선물 계약 상품을 출시했다.... 무기한 선물은 가상자산 시장 고유의 선물 거래 형태다. 만기가 없어 롤오버 비용이 발생하지 않는다....,https://www.ddaily.co.kr/page/view/2026052406372543265,12,0.6715,1,keep,candidate_hybrid_keep_strong_domain_rule_anchor,12,0.6715,ipo;가상자산;암호화폐,,,candidate_hybrid,1,0.65,0.35
“전 세계 국채 발행 헝거게임 진입…비트코인 대형 랠리 촉발“,아서 헤이즈 글로벌 가상자산 거래소인 비트멕스 공동창업자인 아서 헤이즈는 23일(현지시간) ‘왓 비트코인 디드(What Bitcoin Did)’ 팟캐스트에 출연해 파생상품 트레이더인 데이비드 드레지의 표현을 인용해 각국...,https://www.edaily.co.kr/news/newspath.asp?newsid=01184086645452200,7,0.6668,1,keep,candidate_hybrid_model_keep_prob_ge_threshold_with_domain_anchor,7,0.6668,국채;가상자산,,,candidate_hybrid,1,0.65,0.35
오리진트레일·젠신·오픈그라디언트 [이주의 상장코인],"5월 넷째 주, 국내 가상자산 거래소에서는 AI·데이터·컴퓨팅 인프라 등 다양한 분야의 프로젝트가 거래를 시작했다. 24일 가상자산 업계에 따르면 이번 주 업비트와 빗썸에서는 오리진트레일(TRAC), 젠신(AI), 오픈...",https://it.chosun.com/news/articleView.html?idxno=2023092162613,4,0.6201,0,drop,candidate_hybrid_gray_drop_score_lt_threshold,4,0.6201,가상자산,,,candidate_hybrid,1,0.65,0.35
"[코인 사기 덫②] ""상장하면 최소 100배"" 선릉역 찾는 노인들","""배당금으로 지급되는 A 코인은 7월에 유명 가상자산 거래소에 상장이 확정됐고, 120배 오르기로 약속됐다. 100배만 먹어도 얼마겠냐""라며 웃어 보였다. 기자가 명함을 요구하자 그는 손사래를 치며 ""나도 투자자""라고 했다....",https://www.yna.co.kr/view/AKR20260522149400002?input=1195m,4,0.5477,0,drop,candidate_hybrid_gray_drop_score_lt_threshold,4,0.5477,가상자산,,,candidate_hybrid,1,0.65,0.35
[코인 사기 덫①] 노년층 쌈짓돈 노린 '비상장 코인' 횡행,"A 거래소는 국내에서 가상자산 거래소 영업을 하기 위해 필요한 가상자산 사업자(VASP) 허가도 없었고, C 코인의 개당 가격은 0.05달러인데다 하루 거래량이 1개도 되지 않는 사실상 '죽은 코인'이었다. 이 업체는 본사가...",https://www.yna.co.kr/view/AKR20260522106700002?input=1195m,4,0.6183,0,drop,candidate_hybrid_gray_drop_score_lt_threshold,4,0.6183,가상자산,,,candidate_hybrid,1,0.65,0.35
전쟁 공포에 개미들 도망칠 때 1700억 싹쓸이…월가를 경악게 한 '이더리...,"23일(현지시간) 가상자산 및 데이터 분석업계에 따르면, 톰 리가 이끄는 비트마인은 대형 가상자산 거래소 크라켄과 수탁기관 비트고를 통해 추가로 1억 2,590만 달러(약 1,720억 원) 상당의 이더리움 6만 개를 전격...",https://www.pinpointnews.co.kr/news/articleView.html?idxno=454956,5,0.6621,1,keep,candidate_hybrid_model_keep_prob_ge_threshold_with_domain_anchor,5,0.6621,가상자산,달러,,candidate_hybrid,1,0.65,0.35
비트코인 버리고 이더리움으로 튀었다…중동 해커와 고래들의 잔혹한 자...,이란 가상자산 시장의 최대 허브로 꼽히는 거래소 '노비텍스'가 중동 전쟁의 참화 속에서도 글로벌 고래들의 자금을 은밀하게 이동시키는 거대한 통로로 활용되고 있다는 사실이 드러났다. 국제사회의 촘촘한 경제...,https://www.pinpointnews.co.kr/news/articleView.html?idxno=454955,4,0.6297,0,drop,candidate_hybrid_gray_drop_score_lt_threshold,4,0.6297,가상자산,,,candidate_hybrid,1,0.65,0.35
"""나중엔 늦는다"" 금융권, 원화 스테이블코인 선점 경쟁 본격화","가상자산 거래소와 글로벌 결제망, 실생활 결제 인프라를 앞세워 플랫폼 경쟁을 치열하게 벌이고 있다. 24일 금융권에 따르면, 하나은행이 지난 15일 업비트 운영사인 두나무 지분 6.55%를 약 1조원에 인수했다. 지분 취득...",https://www.theguru.co.kr/news/article.html?no=102093,26,0.7921,1,keep,candidate_hybrid_keep_strong_domain_rule_anchor,26,0.7921,가상자산;업비트;두나무;스테이블코인;원화 스테이블코인,원화,,candidate_hybrid,1,0.65,0.35
"정복캠프 ""가상자산 의혹은 정치공작""…허위사실 유포 혐의 고발","이어 ""배우자가 보유한 가상자산은 국내 거래소 계좌에 있었고 재산 신고에도 반영됐다""며 ""재산을 숨기려 했다면 공개된 거래소에 그대로 두고 신고까지 할 이유가 없지 않겠느냐""고 반문했다. 또 ""민주당은 금융기관의...",https://www.newsfreezone.co.kr/news/articleView.html?idxno=691363,4,0.6284,0,drop,candidate_hybrid_gray_drop_score_lt_threshold,4,0.6284,가상자산,,,candidate_hybrid,1,0.65,0.35
선수촌에 깜짝 등장한 트럭…'피자 팀워크' 다진 팀코리아,업비트에서 또 피자데이 행사를 해주셔서 (트레일러닝) 갔다 왔는데 출출했는데 되게 좋은 행사인 거 같습니다.] 가상자산 거래소가 '비트코인 피자데이'를 맞아 선수들에게 피자와 경품을 나눠준 겁니다. [비트코인...,https://news.jtbc.co.kr/article/NB12299580?influxDiv=NAVER,4,0.6919,1,keep,candidate_hybrid_model_keep_prob_ge_threshold_with_domain_anchor,4,0.6919,가상자산,,,candidate_hybrid,1,0.65,0.35
금투세는 안 걷고 코인만 22% 징수? 5만 명 분노 폭발한 가상자산 과세...,주요 거래소들로부터 거래 데이터를 안정적으로 확보하고 종합소득세의 신속한 집행을 보장할 과세 인프라 구축 계획을 발표했다. 특히 당국은 가상자산 투자 이익을 정밀하게 추적하기 위해 인공지능(AI) 기반의 검증...,http://coinreaders.com/238188,4,0.62,0,drop,candidate_hybrid_gray_drop_score_lt_threshold,4,0.62,가상자산,,,candidate_hybrid,1,0.65,0.35
전통 금융사의 코인 시장 진출…두나무 지분 확보 경쟁,전통 금융사들이 국내 가상자산거래소 업비트 운영사 두나무 지분 확보에 잇따라 나서고 있다. 단순 투자 목적을 넘어 디지털자산 시장 주도권과 미래 금융 인프라 선점을 위한 전략적 행보로 분석된다. 23일...,https://news.mtn.co.kr/news-detail/2026052318372441528,24,0.7989,1,keep,candidate_hybrid_keep_strong_domain_rule_anchor,24,0.7989,가상자산;디지털자산;가상자산거래소;업비트;두나무,금융,,candidate_hybrid,1,0.65,0.35
유정복 캠프 “거짓 폭로 강경 대응”…허위사실 유포자와 기자 경찰에...,"또한, 심 위원장은 “문제 된 가상자산은 부인이 국내 거래소에 보유했고 재산 신고에도 반영했다”며 “재산을 숨기려 했다면 국내 거래소에 그대로 두고 신고까지 했겠느냐”고 반문했다. 그는 “해당 자산은 형...",https://www.viva100.com/article/20260523500162,4,0.4609,0,drop,candidate_hybrid_gray_drop_score_lt_threshold,4,0.4609,가상자산,,,candidate_hybrid,1,0.65,0.35
"유정복, '코인 신고 누락' 의혹 맞불 고발","유 후보와 최씨가 가상자산 2만1천개를 보유하면서도 이를 해외 거래소(바이낸스)로 이전, 재산 신고에서 고의 누락했다는 의혹이다. 당시 유 후보는 친형의 부동산 매각 대금을 배우자가 관리했을 뿐이라며 재산 신고...",https://news.ifm.kr/news/articleView.html?idxno=471596,4,0.5151,0,drop,candidate_hybrid_gray_drop_score_lt_threshold,4,0.5151,가상자산,,,candidate_hybrid,1,0.65,0.35
"유정복 인천시장 후보 선대위, '코인 의혹' 허위사실 유포자 경찰 고발","문제 된 자산이 배우자의 숨긴 재산이라는 전제부터 사실이 아니다""면서 ""배우자는 본인 소유로 인식한 가상자산을 국내 거래소에 보유했고, 재산 신고에도 반영했다. 정말 재산을 숨기려 했다면 국내 거래소에 그대로 두고...",https://news.tf.co.kr/read/national/2325729.htm,4,0.4358,0,drop,candidate_hybrid_gray_drop_score_lt_threshold,4,0.4358,가상자산,,,candidate_hybrid,1,0.65,0.35
"""김대업식 공작""…유정복, '가상자산 누락' 의혹 유포자·기자 고발","이어 ""배우자는 본인 소유로 인식한 가상자산을 국내 거래소에 보유하고 당연히 재산 신고에도 반영했다""며 ""문제 된 자산은 형님 자금으로 투자돼 배우자 본인 재산으로 보지 않았던 것인데 민주당은 이를 은닉 재산, 차명...",https://www.incheonilbo.com/news/articleView.html?idxno=1323567,4,0.5296,0,drop,candidate_hybrid_gray_drop_score_lt_threshold,4,0.5296,가상자산,,,candidate_hybrid,1,0.65,0.35
"유정복 캠프 ""가상자산 허위사실 유포자 고발""","배우자는 본인 소유로 인식한 가상자산을 국내 거래소에 보유했고, 재산 신고에도 반영했다는 점을 언급했다. 그는 ""정말 재산을 숨기려 했다면 국내 거래소에 그대로 두고 신고까지 했겠는가?""라고 반문했다. 문제의...",https://www.gukjenews.com/news/articleView.html?idxno=3590413,4,0.5568,0,drop,candidate_hybrid_gray_drop_score_lt_threshold,4,0.5568,가상자산,,,candidate_hybrid,1,0.65,0.35
"유정복 캠프, 가상자산 의혹 제기자 고발...허위사실 대응",또 배우자가 국내 거래소에 본인 명의 가상자산을 보유하고 일부 재산 신고도 했다는 점을 언급하며 재산 은닉 목적과는 성격이 다르다는 입장을 내놨다. 문제 된 투자 자산은 가족 자금 성격으로 인식해 별도 신고...,https://www.ajunews.com/view/20260523161958864,4,0.535,0,drop,candidate_hybrid_gray_drop_score_lt_threshold,4,0.535,가상자산,,,candidate_hybrid,1,0.65,0.35
"유정복 캠프, 가상자산 의혹에 맞고발…'낡은 정치공작'","민주당은 송금기록은 외면하고 사기 혐의자의 말만 붙들고 있다""며 ""배우자 본인 소유로 인식한 가상자산은 재산 신고에도 반영했는데 정말 재산을 숨기려 했다면 국내 거래소 자산을 신고까지 했겠느냐""고 반문했다....",https://www.kihoilbo.co.kr/news/articleView.html?idxno=3023751,4,0.5433,0,drop,candidate_hybrid_gray_drop_score_lt_threshold,4,0.5433,가상자산,,,candidate_hybrid,1,0.65,0.35
클릭 한 번에 전재산 0원… 솔라나 지갑 순식간에 털어가는 '공포의 CJU...,"솔라나(SOL) 생태계의 최대 탈중앙화 거래소(DEX)인 주피터를 사칭한 대규모 피싱 사기가 발생해 투자자들의... 지갑 추출기는 사용자가 속아서 사기 사이트에 지갑을 연동하고 권한을 승인하는 즉시, 가상자산 지갑...",https://www.pinpointnews.co.kr/news/articleView.html?idxno=454935,4,0.5158,0,drop,candidate_hybrid_gray_drop_score_lt_threshold,4,0.5158,가상자산,,,candidate_hybrid,1,0.65,0.35
"""고래들도 손 뗐다""…적막감 감도는 솔라나 차트, 지금 안 팔면 겪게 될...","그러나 최근 몇 달간 거래량이 계단식으로 감소하기 시작하더니, 이제는 전 세계 주요 가상자산 거래소 전반에서 솔라나 거래가 눈에 띄게 실종되며 적막감마저 감돌고 있다. 이러한 지속적인 거래량 하락은 시장의...",https://www.pinpointnews.co.kr/news/articleView.html?idxno=454933,4,0.6588,1,keep,candidate_hybrid_model_keep_prob_ge_threshold_with_domain_anchor,4,0.6588,가상자산,,,candidate_hybrid,1,0.65,0.35
[후보 24시] 정복캠프 “가상자산 의혹은 정치공작”…허위사실 유포·...,◇“국내 거래소 신고까지 했는데 은닉 주장 억지” 정복캠프는 논란이 된 가상자산이 국내 거래소에 보관됐고 재산 신고 과정에도 반영됐다는 점을 들어 은닉 의혹을 반박했다. 심 위원장은 “정말 재산을 숨기려 했다면...,http://www.beyondpost.co.kr/view.php?ud=2026052315511690134c878f8fa1_30,4,0.6289,0,drop,candidate_hybrid_gray_drop_score_lt_threshold,4,0.6289,가상자산,,,candidate_hybrid,1,0.65,0.35
"유정복 캠프 측 ""가상자산 의혹 제기자 경찰 고발""…허위사실 유포 대응","또 ""배우자가 본인 소유로 인식한 가상자산은 국내 거래소를 통해 보유했고 재산 신고에도 반영했다""며 ""논란이 된 자산은 형 자금으로 판단해 배우자 개인 재산으로 보지 않았다는 입장""이라고 설명했다. 캠프 측은 이날...",http://www.fieldnews.kr/news/articleView.html?idxno=28779,4,0.4716,0,drop,candidate_hybrid_gray_drop_score_lt_threshold,4,0.4716,가상자산,,,candidate_hybrid,1,0.65,0.35
"유정복 캠프, '가상자산 신고 누락 의혹' 제기자 등 고발",앞서 한 매체는 유 후보 배우자가 가상자산 2만1000개를 보유하면서도 이를 해외 거래소로 이전해 지방선거 후보자 재산 신고에서 누락했다는 의혹을 제기했다. 이후 민주당 의원들은 이달 21일 국회에서 관련 녹취 파일을...,https://www.newsis.com/view/NISX20260523_0003642003,4,0.603,0,drop,candidate_hybrid_gray_drop_score_lt_threshold,4,0.603,가상자산,,,candidate_hybrid,1,0.65,0.35
"유정복 측, '코인 신고 누락' 의혹 제기 관련자 고발","이어 “유 후보 배우자는 본인 소유로 인식한 가상자산을 국내 거래소에 보유했고, 당연히 재산 신고에도 반영했다”며 “정말 재산을 숨기려 했다면 본인 소유 자산을 국내 거래소에 그대로 두고 신고까지 했겠나”라고...",https://www.edaily.co.kr/news/newspath.asp?newsid=02801126645451872&returntp=election,4,0.4752,0,drop,candidate_hybrid_gray_drop_score_lt_threshold,4,0.4752,가상자산,,,candidate_hybrid,1,0.65,0.35
"여야, 유정복 후보 ‘코인 의혹·재판 불출석’ 놓고 정면 충돌",또 “배우자는 가상자산을 국내 거래소에 보유했고 재산 신고에도 반영했다”며 “실제로 재산을 숨기려 했다면 신고 자체를 하지 않았을 것”이라고 강조했다. 정복캠프는 이날 의혹을 제기한 수사 대상자 A씨를 사기 및...,https://www.dailian.co.kr/news/view/1647946/?sc=Naver,4,0.4611,0,drop,candidate_hybrid_gray_drop_score_lt_threshold,4,0.4611,가상자산,,,candidate_hybrid,1,0.65,0.35
"유정복, 가상자산 은닉 의혹 제보자 · 기자 고발... ""정치공작에 강력...","배우자 본인 소유로 인식한 가상자산은 모두 국내 정상 거래소에 보유하고 있었으며, 공직자 재산 신고 시 이를 누락 없이 반영했다는 것이다. 심 본부장은 ""정말 재산을 숨기려는 목적이었다면 실명 확인이 필수적인 국내...",https://www.tournews21.com/news/articleView.html?idxno=135502,4,0.507,0,drop,candidate_hybrid_gray_drop_score_lt_threshold,4,0.507,가상자산,,,candidate_hybrid,1,0.65,0.35
"유정복 캠프, 배우자 ‘가상자산 신고 누락 의혹’ 맞고발…“낡은 정치...",더불어민주당 박찬대 인천시장 후보측이 국민의힘 유정복 후보와 배우자를 ‘가상자산 신고 누락 의혹’... 앞서 한 언론은 유 후보 배우자가 코인 2만1천개(1억원 상당)를 보유하고도 이를 해외 거래소로 옮겨 지방선거...,https://www.kyeonggi.com/article/20260523580096,4,0.5053,0,drop,candidate_hybrid_gray_drop_score_lt_threshold,4,0.5053,가상자산,,,candidate_hybrid,1,0.65,0.35
"유정복, '가상자산 은닉 의혹' 제기자·기자 고발…""김대업식 정치공작...","이어 ""배우자는 본인 소유로 인식한 가상자산은 국내 거래소에 보유했고 재산 신고에도 반영했다""며 ""정말 재산을 숨기려 했다면 국내 거래소 자산까지 신고했겠느냐""고 주장했다. 또 ""사기 혐의자의 일방적 주장과 앞뒤...",https://www.news1.kr/local/incheon/6176014,4,0.5824,0,drop,candidate_hybrid_gray_drop_score_lt_threshold,4,0.5824,가상자산,,,candidate_hybrid,1,0.65,0.35
"유정복, '배우자 가상자산 은닉' 의혹 유포한 A씨 등 경찰 고발","후보 배우자 소유의 가상자산은 국내 거래소에 보유 중이며, 정상적으로 재산 신고를 마쳤다는 입장이다. 캠프 측은 ""이를 증명할 유 후보 친형의 부동산 매각자료와 배우자의 금융기관 이체 내역, 친형의 자필 확인서 등...",https://www.joongboo.com/news/articleView.html?idxno=363726621,4,0.497,0,drop,candidate_hybrid_gray_drop_score_lt_threshold,4,0.497,가상자산,,,candidate_hybrid,1,0.65,0.35
"유정복, '가상자산 신고 누락' 의혹 제기 관련자 고발…""흑색선전""","이어 ""유 후보 배우자는 본인 소유로 인식한 가상자산을 국내 거래소에 보유했고, 당연히 재산 신고에도 반영했다""며 ""정말 재산을 숨기려 했다면 본인 소유 자산을 국내 거래소에 그대로 두고 신고까지 했겠나""라고...",https://www.yna.co.kr/view/AKR20260523031200065?input=1195m,4,0.5389,0,drop,candidate_hybrid_gray_drop_score_lt_threshold,4,0.5389,가상자산,,,candidate_hybrid,1,0.65,0.35
'상장 전' 스페이스X 투기상품 등장···투자시점에 대한 전문의견도 엇...,"21일(현지시간) 파이낸셜타임스(FT)는 이번 주 들어 바이낸스, 빗겟, 트레이드닷xyz 등 가상화폐 거래소들이 스페이스X와 관련된 ""무기한 선물""(perpetual futures) 상품을 선보였다고 보도했다. 이는 실제 자산을 보유하지...",https://www.pennmike.com/news/articleView.html?idxno=120951,0,0.4928,0,drop,candidate_hybrid_drop_generic_market_or_ipo_noise,0,0.4928,,,,candidate_hybrid,1,0.65,0.35
"인간홍체 '월드코인' 지고, 테런스 곽 ' H코인'이 뜬다? 왜?","[2026년 2월 초, 가상자산 업계를 뒤흔든 소셜 미디어 상의 영상 하나가 화제가 됐다. 한 기술 기업이... 중앙 거래소에서도 대량의 호가가 형성되어 활발히 거래되고 있다. 현재 빗썸의 하루 거래량은 약 3750만 달러 (약...",https://www.ilemonde.com/news/articleView.html?idxno=30064,5,0.5722,0,drop,candidate_hybrid_gray_drop_score_lt_threshold,5,0.5722,가상자산,달러,,candidate_hybrid,1,0.65,0.35
미·이란 협상 낙관론에 뉴욕증시 랠리···다우 또 사상 최고치,미국 장기 국채 금리 상승과 중동 지정학적 리스크 확대로 위험자산 회피 심리가 커지면서 가상자산 시장이 약세를 보인 것이다. 코인게코에 따르면 국내 주요 거래소의 최근 거래대금은 2조4456억원으로...,https://www.sisajournal-e.com/news/articleView.html?idxno=421280,8,0.6852,1,keep,candidate_hybrid_keep_strong_domain_rule_anchor,8,0.6852,국채;가상자산,금리,,candidate_hybrid,1,0.65,0.35
"""스페이스X 주식, 상장일 전 미리 살 수 있다고?""",'스피어엑스'를 탑재하고 발사되는 스페이스X의 팰컨9 로켓(사진=나사 제공) 세계 최대 가상자산 거래소 바이낸스가 내달 기업공개(IPO)를 앞둔 스페이스X의 주식 투자 효과를 낼 수 있는 '무기한 선물' 상품을 전격...,https://www.gukjenews.com/news/articleView.html?idxno=3590317,9,0.7088,1,keep,candidate_hybrid_keep_strong_domain_rule_anchor,9,0.7088,ipo;가상자산,주식,,candidate_hybrid,1,0.65,0.35
"""원화 스테이블코인·토큰증권, 한국에 글로벌자본 끌어들일 기회""",비트코인 ETF도 상장돼 있고 라이선스를 받은 거래소를 통해 가상자산을 매수할 수 있다. 한국도 곧 개방될 것이라고 본다. 최근 한국 국회를 방문했는데 정치권에서도 디지털자산이 미래 금융이라는 점을 분명히...,https://www.edaily.co.kr/news/newspath.asp?newsid=02158246645451872,25,0.6594,1,keep,candidate_hybrid_keep_strong_domain_rule_anchor,25,0.6594,가상자산;토큰증권;디지털자산;스테이블코인;원화 스테이블코인,원화,,candidate_hybrid,1,0.65,0.35
"[코인 TOP 10 주간동향] 베니스토큰 143% 급등…니어·마스크 강세, 체결...","가상자산 거래소의 5월 23일 9시 5분 기준 디지털 자산 분석 결과, 주간 상승률 상위권에서 베니스토큰(VVV/BTC)이 +143.69%로 1위를 기록하며 단기 급등세를 주도했다. 레드스톤(RED/BTC) +64.12%, 서싱트...",https://www.tokenpost.kr/news/cryptocurrency/362589,4,0.6808,1,keep,candidate_hybrid_model_keep_prob_ge_threshold_with_domain_anchor,4,0.6808,가상자산,,,candidate_hybrid,1,0.65,0.35
'디지털자산 과세 폐지' 청원 5만명 돌파…과세 논쟁 재점화,"국회전자청원 홈페이지에 따르면 지난 13일 공개된 '가상자산 과세 폐지에 관한 청원'은 21일 오후 2시11분... 국세청은 내년부터 두나무, 빗썸, 코인원, 코빗, 고팍스 등 거래소로부터 관련 자료를 제출받아 과세 기반을...",https://daily.hankooki.com/news/articleView.html?idxno=1369571,26,0.6747,1,keep,candidate_hybrid_keep_strong_domain_rule_anchor,26,0.6747,가상자산;디지털자산;빗썸;두나무;코빗;고팍스,,,candidate_hybrid,1,0.65,0.35
[e가상자산] 회사 금고에 코인 가득…‘DAT 기업’ 뭐길래,"결국 DAT 기업은 가상자산 시장의 새로운 얼굴이다. 개인, 거래소, 채굴기업, ETF에 이어 상장기업 재무전략까지 디지털 자산 시장에 들어온 셈이다. 다만 업비트 투자자보호센터는 ""DAT 기업은 코인을 보유한 회사이지...",https://www.etoday.co.kr/news/view/2587056,9,0.6695,1,keep,candidate_hybrid_keep_strong_domain_rule_anchor,9,0.6695,가상자산;업비트,,,candidate_hybrid,1,0.65,0.35
차기 여신금융협회장 인선 본격화…민간·정치·학계 인사 격돌,여신금융협회 전경. 사진=여신금융협회.  차기 여신금융협회장 자리를 둘러싼 경쟁이 본격화하고 있다. 최근 후보 접수가 마무리된 가운데 관료 출신 지원자가 한 명도 나오지 않으면서 정치권·민간·학계 인사 간 경쟁...,https://daily.hankooki.com/news/articleView.html?idxno=1370174,6,0.7822,1,keep,candidate_hybrid_model_keep_prob_ge_threshold_with_domain_anchor,6,0.7822,여신금융협회,,,candidate_hybrid,1,0.65,0.35
'민·학 격돌' 여신협회장 후보 5인 확정···차기 리더십 관전 포인트...,"여신금융협회 회장후보추천위원회는 제14대 여신금융협회장 입후보자 5명의 주요 약력을 공개했다. 후보자는 가나다순으로 김상봉 한성대 교수, 박경훈 한화저축은행 사외이사, 윤창환 여신금융산업 3.0 AI·AX...",https://www.womaneconomy.co.kr/news/articleView.html?idxno=254240,16,0.6576,1,keep,candidate_hybrid_keep_strong_domain_rule_anchor,16,0.6576,저축은행;여신금융협회;여신협회,,,candidate_hybrid,1,0.65,0.35
"제14대 여신금융협회장 공모, 5파전 압축…AI·정치권 가세로 안개속",브레이크뉴스 김충열 정치전문기자 = 제14대 여신금융협회장(회장 정완규) 공모가 5파전으로 압축되며 치열한 경합을 예고했다. 기존 하마평에 오르던 카드사 및...,http://www.breaknews.com/1209453,9,0.6632,1,keep,candidate_hybrid_keep_strong_domain_rule_anchor,9,0.6632,카드사;여신금융협회,,,candidate_hybrid,1,0.65,0.35
이동철 전 KB부회장·김상봉 교수 출마···여신협회장 레이스 개막,"차기 여신금융협회장 선거가 금융권과 학계, 정책·AI 분야 인사들이 대거 뛰어들며 다자 경쟁 구도로 전개되고 있다. 특히 KB금융지주와 KB국민카드에서 핵심 요직을 두루 거친 이동철 전 KB금융지주 부회장과 금융...",https://www.seoulfn.com/news/articleView.html?idxno=629462,13,0.6847,1,keep,candidate_hybrid_keep_strong_domain_rule_anchor,13,0.6847,여신금융협회;여신협회,금융,,candidate_hybrid,1,0.65,0.35
"국민성장펀드 판매 첫날, 40%는 서민형…당국 ‘추가 공급’ 검토",판매 과정 미흡 지적도 이억원 금융위원장이 22일 오전 서울 종로구 NH농협은행 정부서울청사지점에서... 실제 금융위는 2015년 3월 가계부채 증가 없는 대출구조 개선을 목표로 안심전환대출을 출시했다. 당시 나흘...,https://biz.heraldcorp.com/article/10755091?ref=naver,18,0.5936,1,keep,candidate_hybrid_keep_strong_domain_rule_anchor,18,0.5936,금융위;가계부채;국민성장펀드;성장펀드,,,candidate_hybrid,1,0.65,0.35
"뭉칫돈 몰린 국민성장펀드, 하반기 추가 판매되나","국민참여형 국민성장펀드가 출시 하루 만에 은행권을 중심으로 완판되며 흥행했다. 특히 서민형 가입자... 실제 금융위는 2015년 3월 가계부채 증가 없는 대출구조 개선을 목표로 안심전환대출을 출시했는데, 나흘 만에...",https://www.dt.co.kr/article/12063984?ref=naver,18,0.6604,1,keep,candidate_hybrid_keep_strong_domain_rule_anchor,18,0.6604,금융위;가계부채;국민성장펀드;성장펀드,,,candidate_hybrid,1,0.65,0.35
국민성장펀드 '서민 목돈'도 몰려…하반기 추가공급 검토 착수,"첫날 한도 87% 소진…은행권 판매물량 중 서민 비중 40% 육박 배영경 강수련 기자 = 국민참여형... 실제 금융위는 2015년 3월 가계부채 증가 없는 대출구조 개선을 목표로 안심전환대출을 출시했는데, 나흘 만에 당초 공급...",https://www.yna.co.kr/view/AKR20260523040800002?input=1195m,22,0.6591,1,keep,candidate_hybrid_keep_strong_domain_rule_anchor,22,0.6591,금융위;은행권;가계부채;국민성장펀드;성장펀드,,,candidate_hybrid,1,0.65,0.35
"[현장] 증시 활황에도 이어진 쓴소리…""코스피 숫자보다 중요한건…""","그는 ""금융이 부동산 담보와 가계대출에 머무르면 저축은 소비 시점 변화 역할만 수행하고 생산적 투자로... 그는 ""첨단산업은 회수 기간이 길고 위험도 크기 때문에 은행 대출만으로 자금 공급이 어렵다""며 ""연기금·보험사...",https://www.startuptoday.co.kr/news/articleView.html?idxno=801838,8,0.6663,1,keep,candidate_hybrid_keep_strong_domain_rule_anchor,8,0.6663,은행;보험사,코스피,,candidate_hybrid,1,0.65,0.35
다시 늘어난 주담대…1분기 30대 신규 취급액 평균 2억8990만원 ‘최대’,"대출 업권별로는 은행권 가계대출 신규취급액이 전분기보다 234만원 줄어든 4671만원이었으나, 비은행권은 317만원 늘어난 4230만원을 기록했다. 전체 대출 잔액도 지속적으로 늘어나는 추세다. 1분기 말 기준...",https://www.segye.com/newsView/20260522508854?OutUrl=naver,5,0.6002,0,drop,candidate_hybrid_gray_drop_score_lt_threshold,5,0.6002,은행권,대출,,candidate_hybrid,1,0.65,0.35
"[경제 트렌드] 금융업계, 청년·중저신용자 위한 '체감형 금융 안전망' ...","새희망홀씨·사잇돌대출 비롯 서민금융 공급…중저신용자 금융 안전망 확대 우리은행은 서민금융... 가계대출 총량 관리 기조, 전쟁과 고유가로 인한 경기불안정성 확대 등 녹록지 않은 환경 속에서도 신규취급액...",http://www.sisacast.kr/news/articleView.html?idxno=95980,1,0.3437,0,drop,candidate_hybrid_model_drop_prob_le_threshold,1,0.3437,,금융,,candidate_hybrid,1,0.65,0.35
1분기 신규 주담대 '역대 최대' 2.3억…3040·수도권 주도,"늘었다""며, ""비은행이 은행 등 업권에 비해 신규취급액이 늘어났다""고 설명했다. 1분기 차주당 가계대출 신규 취급액은 3542만원으로 이전 분기 대비 99만원이 증가했다. 연령대별로 30대와 40대가 각각 635만원...",http://www.hansbiz.co.kr/news/articleView.html?idxno=840391,3,0.6927,1,keep,candidate_hybrid_model_keep_prob_ge_threshold_with_domain_anchor,3,0.6927,은행,,,candidate_hybrid,1,0.65,0.35
주담대 금리 7% 넘어서자 보금자리론 쏠림 가속,"여기에 정부의 강한 가계대출 규제로 은행권은 물론 2금융권에서도 대출받기가 어려워지자, 수요는 정책대출인 보금자리론으로 몰리고 있습니다. 올해 1분기 보금자리론 공급액은 7조4,100억 원. 지난해 같은 기간의 두...",http://www.yonhapnewstv.co.kr/news/MYH202605230924324YQ,1,0.5734,0,drop,candidate_hybrid_gray_drop_score_lt_threshold,1,0.5734,,금리,,candidate_hybrid,1,0.65,0.35
"우체국 창구서 은행 대출 받는다···금융위, 포용금융 공공인프라 확...",금융위원회가 우체국 창구를 활용한 은행 대출 서비스 도입과 포용금융 전략 추진단 출범을 추진하며 금융의... 이재명 대통령이 장기 연체채권 추심 구조를 원시적 약탈금융이라고 비판한 이후 금융당국이 포용금융...,https://www.sisajournal-e.com/news/articleView.html?idxno=421279,16,0.6906,1,keep,candidate_hybrid_keep_strong_domain_rule_anchor,16,0.6906,금융위원회;금융위;은행,대출,,candidate_hybrid,1,0.65,0.35
