date,title,summary,url,auto_label,auto_label_confidence,auto_label_reason,model_prob,model_pred,disagreement_type,decision,decision_reason,relevance_score,matched_hard,matched_soft,matched_negative
2026-05-16,"DB손보, 대형사고 악재에 1분기 실적 부진…車보험 흑자 방어","1분기 지급여력(K-ICS, 킥스)비율 잠정치는 232.1%로, 전기 대비 13.9%p(포인트) 상승했다. 금융감독원 권고치 130%를 크게 상회하는 수준이다. DB손해보험은 ""1분기 일회성 대형사고 영향으로 보험영업이익이 부진했으나...",https://news.dealsitetv.com/articles/170426,1,0.95,strong_keep_insurance_risk,0.554124,0,pseudo_keep_model_drop,keep,candidate_hybrid_gray_keep_rule_score_ge_threshold,7,금융감독원,실적,
2026-03-16,[전쟁이 흔든 금융시장] 금리·환율·유가 '복합 충격'…가계 부담 가중,"이런 상황에서 고유가, 고환율이 지속돼 물가와 시장금리 상승 압력이 더욱 커질 경우 금융비용 부담으로 인한 연체율 증가, 가계대출 부실이 확대될 수 있다는 우려가 나온다. 은행 건전성에도 부담이다. 신용대출은...",https://www.ajunews.com/view/20260315131752928,1,0.95,strong_keep_bank_consumer_credit,0.560784,0,pseudo_keep_model_drop,,,,,,
2026-04-25,우리금융 1분기 당기순이익 6038억원… 전년 比 2.1% 감소,"수입보험료는 1조1200억원으로 22.7% 증가했으며, 1분기 말 지급여력(K-ICS·킥스)비율은 185.8%로 58.6%p 올랐다. 보험계약서비스마진(CSM) 잔액은 2조5108억원이다. 이 밖의 주요 비은행 계열사 1분기 당기순이익은 우리카드...",https://www.insnews.co.kr/news/articleView.html?idxno=90457,1,0.95,strong_keep_insurance_risk,0.563129,0,pseudo_keep_model_drop,,,,,,
2026-02-09,"5조원 배당 챙긴 외국인, 국장 떠날 땐 경제 ‘충격’",4대 은행이 거둔 이익 대부분은 대출금리에서 예금금리를 뺀 예대금리차에서 나왔다. 이번 실적 발표를 통해 4대 금융은 은행 및 계열사 이자 이익 성장 배경에 대해 공통적으로 “기준금리 인하에 따른 수익성 악화...,https://www.segye.com/newsView/20260208509556?OutUrl=naver,1,0.95,strong_keep_bank_consumer_credit,0.575545,0,pseudo_keep_model_drop,,,,,,
2026-04-24,보험 주춤·증권 약진 … 코스피 호황에 KB·신한 수익 기여도 재편,"킥스 비율은 188.0%로 전기 대비 5.8%포인트(p) 상승했다. 그룹 내 생명보험사인 KB라이프의 1분기 순이익은 798억원으로 전년 대비 8.2% 감소했다. 보험영업손익과 투자영업손익은 각각 662억원, 227억원으로 전년보다 14.4...",https://biz.newdaily.co.kr/site/data/html/2026/04/23/2026042300283.html,1,0.95,strong_keep_insurance_risk,0.583268,0,pseudo_keep_model_drop,,,,,,
2026-04-18,"흥국생명 새 수장 맡은 김형표 대표, '최대 실적' 이어 내실 다진다",이번 기본자본 규제는 기존 킥스 규제 위에 자본의 질을 따지는 기준을 추가한 것으로 사실상 한 단계 높은 수준의 강도 높은 규제다. 특히 중소형사 보험사들의 타격이 클 것으로 전망되는 만큼 이에 대응하는 것이...,https://www.insightkorea.co.kr/news/articleView.html?idxno=244891,1,0.95,strong_keep_insurance_risk,0.586797,0,pseudo_keep_model_drop,,,,,,
2026-03-22,국민성장펀드 5년간 150조 'K-엔비디아' 육성 본격화,"과학기술정보통신부와 금융위원회는 3월 17일 서울 중구 한국프레스센터에서 한국산업은행, 국내 AI 반도체... 금융위도 이를 국민성장펀드 1차 메가 프로젝트 7건 중 하나로 선정하며 정책 지원에 힘을 실었다. 배경훈...",https://www.korea.kr/news/policyNewsView.do?newsId=148961201&call_from=naver_news,1,0.95,strong_keep_regulatory_action,0.589314,0,pseudo_keep_model_drop,,,,,,
2026-05-15,코스피 불장에 '마통' 급증…3영업일 만에 7천억 늘었다,"2023년은 고금리 여파로 위축됐던 가계대출이 부동산·주식시장 회복 기대를 타고 다시 증가세를 보이던 시기다. 이후 5대 은행 마이너스통장 잔액은 30조 원대 후반에 머물렀지만, 주택담보대출 규제에 따른...",https://www.namdonews.com/news/articleView.html?idxno=910574,1,0.95,strong_keep_bank_consumer_credit,0.591772,0,pseudo_keep_model_drop,keep,candidate_hybrid_keep_strong_rule_anchor,8,은행,금리;대출;주식;코스피,
2026-04-27,"삼성, 70년 전통 공채 상반기 GSAT 실시…노조 총파업은 변수","▶ 기사 바로가기: 은행, 연체 대응능력 떨어지는데…기업부실 금융으로 전이 ▶ 기사 바로가기: ‘70년 공채’ 맥 잇는 삼성…“총파업땐 6만 고용 차질” ▶ 기사 바로가기: 개미 이달 14.8조 ‘팔자’…월간 역대...",https://www.sedaily.com/article/20037318?ref=naver,1,0.95,strong_keep_bank_consumer_credit,0.592685,0,pseudo_keep_model_drop,,,,,,
2026-04-13,"[청와대, ‘중동 사태’ 긴급 점검…협상 상황·추경 집행 집중 논의",이번 회의에는 재경부·외교부·산업부·기후환경부 등 주요 부처 차관들과 금융위 부위원장이 참석해 머리를 맞댄다. 청와대 내부에서도 경제수석과 경제안보비서관 등 정책 라인이 대거 배석한다. 이번 회의의 핵심...,https://www.sentv.co.kr/article/view/sentv202604120020,1,0.95,strong_keep_regulatory_action,0.593266,0,pseudo_keep_model_drop,,,,,,
2026-04-24,"신한라이프, 1분기 순익 1031억원…미래이익 기반 확대","6%(352억원) 감소한 2978억원, 저축성 및 연금보험은 상품 판매가 늘어나며 138.1%(340억원) 성장한 585억원을 기록했다. 올 1분기 말 지급여력(K-ICS·킥스) 비율은 201%(잠정치)로 중장기적 관점의 자산부채관리(ALM)...",http://www.ftoday.co.kr/news/articleView.html?idxno=358048,1,0.95,strong_keep_insurance_risk,0.594535,0,pseudo_keep_model_drop,,,,,,
2026-04-11,최대 이자율 1만8250%…서민 울린 불법 사금융업자 8명 검거,"이들은 관할 시도지사에 대부업 등록을 하지 않은 미등록 상태로 대출을 희망하는 피해자 600여명을 상대로 1741회에 걸쳐 17억원 상당을 대부해주고, 최대 1만 8250% 이자율로 수수료 8억 4000만원을 수취한 혐의를 받는다....",http://www.edaily.co.kr/news/newspath.asp?newsid=03735926645414808,1,0.95,strong_keep_lending_consumer_protection,0.596229,0,pseudo_keep_model_drop,,,,,,
2026-04-03,[카드 News] 신한카드·하나카드·현대카드,고객은 해당 가맹점에서 하나카드로 결제 시 할부 수수료 없이 2~3개월에 걸쳐 결제 대금을 나눠 낼 수 있다.... 앞서 하나카드는 지난 2월 2일 카드사 최초로 200만 영세 가맹점을 대상으로 총 12조원 규모의 가맹점 대금...,http://www.metroseoul.co.kr/article/20260402500288,1,0.95,strong_keep_card_credit,0.598658,0,pseudo_keep_model_drop,,,,,,
2026-04-25,5대 지주 1분기 포용금융 5.7조 공급…석달 만 연목표 43% 달성 [포용금...,우선 KB금융은 가장 많은 17조원을 포용금융에 쏟을 예정인데 2금융권과 대부업권 대출 대환으로 취약차주의... 기존 최고금리가 12% 수준이라는 점을 고려하면 최대 5%포인트의 금리 인하 효과를 누릴 수 있는 조치다....,https://biz.heraldcorp.com/article/10724673?ref=naver,1,0.95,strong_keep_lending_consumer_protection,0.601765,0,pseudo_keep_model_drop,,,,,,
2026-03-09,연초 예대금리차 확대 전환…중동 리스크에 대출금리 상승 압력 커지나,올해 들어 은행권의 예대금리차가 확대되면서 가계·기업 차주의 이자 부담이 커질 수 있다는 분석이 나온다. 중동 지역 지정학적 긴장 고조 등 대외 변수까지 겹친 모습이다. 8일 금융권에 따르면 5대 은행(KB국민·신한...,http://www.fnnews.com/news/202603080931270611,1,0.95,strong_keep_bank_consumer_credit,0.604334,0,pseudo_keep_model_drop,,,,,,
2026-03-09,"[Market Trend] 카드망 삼킨 플랫폼, 국내 페이 주도권 쥐다","소비자가 오프라인 매장에서 신용카드를 사용하더라도, 실제 과정은 카드사 앱이 아닌 플랫폼 페이 결제... 토스페이는 오프라인의 작은 동네 가게들을 대상으로 결제 수수료 부담을 낮춰주는 정책을 내세우며 시장을...",https://www.insnews.co.kr/news/articleView.html?idxno=89421,1,0.95,strong_keep_card_credit,0.604855,0,pseudo_keep_model_drop,,,,,,
2026-03-11,"[흥신소 된 배달앱]①""배민쿠팡 주소 주세요""…전화번호 하나면 다 나온...","이때 플랫폼이 따를 수 없는 사정을 법원에 알리면 별도의 제재는 없다. 하지만 법원이 문서제출 명령을... 위장전입으로 주소를 세탁한 채무자의 소재파악, 재산은닉 의심 사건 등 양육비 소송을 넘어 일반 민사 채권추심...",https://www.bloter.net/news/articleView.html?idxno=656132,1,0.95,strong_keep_lending_consumer_protection,0.605050,0,pseudo_keep_model_drop,,,,,,
2026-03-26,"'밸류업 1년' 삼성화재, 6천억대 소각에도 식었다",자동차보험 손해율 악화에 따른 적자 전이가 전사적 이익 체력을 갉아먹는 상황에서 CSM 성장마저 둔화하며 기초체력 훼손 우려가 커지는 셈이다. 현재 삼성화재는 킥스 260%대의 자본 여력을 보유하고 있으나 시장이...,https://www.ngetnews.com/news/articleView.html?idxno=549471,1,0.95,strong_keep_insurance_risk,0.607266,0,pseudo_keep_model_drop,,,,,,
2026-04-14,당정 “차량 5·2부제로 운행거리 감소…차 보험료율 인하안 내주 발표...,"안 의원은 “주유업계에서 카드 수수료를 추가로 약 1% 수준으로 낮춰달라는 요청이 있었지만 금융위와 카드사가 협의한 결과 수용이 쉽지 않다고 판단했다”며 “매출 3억∼5억원인 중소 가맹점, 50억원이 넘는 곳 등...",https://www.viva100.com/article/20260413500706,1,0.95,strong_keep_regulatory_action,0.607287,0,pseudo_keep_model_drop,,,,,,
2026-04-23,"카드사, 카드론 43조원 육박에도 증가율 1.5% 관리 '전전긍긍'",지난해 하나카드를 제외한 6개 카드사의 가맹점 수수료 수익 비중이 일제히 하락했다. 롯데카드는 8.15%로 전년(10.82%) 대비 2.67%p 줄어 가장 큰 낙폭을 기록했다. 이어 △KB국민카드 30.50%(전년 대비 2.10%p 하락)...,http://www.thebigdata.co.kr/view.php?ud=202604221106555159c808fa9903_23,1,0.95,strong_keep_card_credit,0.608370,0,pseudo_keep_model_drop,,,,,,
2026-03-31,토스뱅크 고객들도 '애플페이' 쓰나...간편결제시장 들썩,삼성페이는 그동안 카드사에 수수료를 부과하지 않았는데 애플페이는 수수료를 받는 구조여서 형평성 문제가 제기될 수 있다. 삼성전자는 페이 서비스 초기에는 인프라 구축을 위해 10개 카드사 및 여신금융협회와 수수료...,http://www.nongaek.com/news/articleView.html?idxno=94894,1,0.95,strong_keep_card_credit,0.610179,0,pseudo_keep_model_drop,,,,,,
2026-04-15,가계대출 역성장에도 잘나가는 4대 금융… 1분기 순이익 5조 넘길듯,"시중은행 주택담보대출(고정형) 금리는 전날 기준 연 4∼6%대지만, 예금금리는 2∼3%대에 머물며 예대금리차는 확대되고 있다. 은행 수익성을 대표하는 순이자마진(NIM)은 직전 분기보다 1∼4bp(1bp=0.01%포인트)가량 높아질...",https://www.munhwa.com/article/11582116?ref=naver,1,0.95,strong_keep_bank_consumer_credit,0.610338,0,pseudo_keep_model_drop,,,,,,
2026-05-15,"도박 빠진 청소년 ""117로 신고하세요!""…이찬진 ""금융피해 예방·구제 총...",경찰 특별단속 결과 적발된 청소년은 2024년 4715명에서 2025년 7153명으로 51.7% 증가했다. 청소년정책연구원 조사에서는 청소년의 12.7%가 도박 자금 마련을 위해 사채 등 불법사금융을 이용한 경험이 있는 것으로 나타났다....,http://www.metroseoul.co.kr/article/20260514500168,1,0.95,strong_keep_lending_consumer_protection,0.610818,0,pseudo_keep_model_drop,keep,candidate_hybrid_keep_strong_rule_anchor,9,불법사금융,금융,
2026-03-27,"한은 ""이란 전쟁 장기화시 실물경제 부진… 지방·저축은행 건전성 흔들...","다만 일부 지방은행과 저축은행에서는 지방 부동산 가격 하락, 부동산PF 사업성 악화 등에 따라 자본비율 하락이 더 크게 나타났다. 시중은행은 지난해 3분기 18.3%인 자본비율이 심각 시나리오 상황에서 2년 뒤 16.7%로...",https://www.g-enews.com/view.php?ud=202603261445537533bbed569d68_1,1,0.95,strong_keep_savings_bank_risk,0.612283,0,pseudo_keep_model_drop,,,,,,
2026-04-24,"저축銀, 부실PF 7차 공동펀드 수요 미달…NPL자회사서 매입 검토",이에 작년 1분기 9.0%에 달했던 저축은행 평균 연체율이 연말 기준 6.0%까지 개선됐다. 이번 7차 펀드 수요조사에서도 대부분 수요가 지방 사업장에 쏠렸다는 전언이다. 현재 금융권에서 매각을 추진중인 PF 사업장(213곳)...,https://www.etnews.com/20260423000201,1,0.95,strong_keep_savings_bank_risk,0.612487,0,pseudo_keep_model_drop,,,,,,
2026-03-30,달리면 돈 꽂힌다…봄 날씨에 러너 폭증하더니 '뜻밖의 열풍' [금융꿀팁...,"고금리 상품인 웰컴저축은행의 ‘웰뱅 워킹 적금’(연 최고금리 10.0%), 전북은행의 ‘JB카카오페이 걷기 적금’(연 최고금리 7.0%)도 눈여겨볼 만하다. ○보험·카드사 경쟁도 치열 보험업계에서도 ‘잘 뛰고 건강한’...",https://www.hankyung.com/article/202603293670i,1,0.95,strong_keep_lending_consumer_protection,0.612688,0,pseudo_keep_model_drop,,,,,,
2026-05-14,"한화생명, 주주환원 압박에도 자사주 소각 ‘안갯속’","현금 유출이 발생하면 보험사의 가용자본이 줄어 지급여력비율(K-ICS, 킥스)비율 하락으로 이어질 수 있기 때문이다.  한화생명의 올해 1분기 말 킥스비율은 162%로 예상된다. 전 분기(157.5%) 대비 4.5포인트(p) 개선됐다....",https://www.topdaily.kr/articles/110073,1,0.95,strong_keep_insurance_risk,0.613802,0,pseudo_keep_model_drop,drop,rule_drop_score_lt_threshold,3,보험사,,
2026-05-05,전재수 “민생 최우선 100일 비상조치...퐁피두.오페라 예산 집행 중단...,아울러 “소상공인 카드 수수료 부담을 제로화하고 배달 수수료를 지원하겠다”며 “불공정 플랫폼 거래를 끝까지 바로잡겠다”고 강조했다. 그는 “불법사금융과...,http://www.breaknews.com/1205017,1,0.95,strong_keep_lending_consumer_protection,0.615223,0,pseudo_keep_model_drop,,,,,,
2026-04-10,"연 5,214% 이자에 극단적 추심 끝 싱글맘 숨져... 사채업자 징역 4년","법정 최고금리인 연 20%를 100배 이상 초과하는 수치다. 대부업법 및 이자제한법에 따르면, 법정 최고 이자율을 초과하는 이자 약정은 그 초과 부분에 한해 무효다. 채무자는 법정 이자율을 넘어서는 금액을 지급할 의무가...",https://lawtalknews.co.kr/article/Z65FIYHFCMLT,1,0.95,strong_keep_lending_consumer_protection,0.616505,0,pseudo_keep_model_drop,,,,,,
2026-04-30,"[2026 저축은행] 웰컴저축은행 손대희·박종성 체제, 투자금융·AI대전환...","당기순이익은 63억원으로 급감했지만, 이는 부동산 PF 관련 리스크를 선제적으로 정리하는 과정에서 발생한 일시적 비용 영향이 컸다. 반면 예금 중심 조달 구조를 유지하며 자금 조달 비용 급등은 방어했다. 전체...",http://www.biztribune.co.kr/news/articleView.html?idxno=353329,1,0.95,strong_keep_savings_bank_risk,0.616589,0,pseudo_keep_model_drop,,,,,,
2026-04-12,"[Why&Next]""성장은 했는데 남는 게 없다""…IFRS17 이후 보험의 딜레마","또 일부 보험사들은 순이익을 내고 있음에도 불구하고 지급여력제도(K-ICS·킥스) 비율 관리와 해약환급금준비금 부담 등으로 배당에 제약을 받는 상황이다. 강승건 KB증권 연구원은 ""현재 해약환급금준비금의 구조상...",https://view.asiae.co.kr/article/2026041015384027977,1,0.95,strong_keep_insurance_risk,0.616844,0,pseudo_keep_model_drop,,,,,,
2026-04-25,"[단독]신한카드, 영업소 전면 통폐합 추진…설계사 채널 대수술","한 신한카드 소속 모집인은 ""정보유출 사건 이후 장기근속 수당과 장기계약 수수료 등 보너스 성격의 수당이... 지난해 주요 5개 카드사(신한·국민·롯데·우리·하나)의 플랫폼 등 온라인 제휴 모집법인을 통한 발급 카드...",https://www.newsis.com/view/NISX20260424_0003604910,1,0.95,strong_keep_card_credit,0.618005,0,pseudo_keep_model_drop,,,,,,
2026-02-19,"[새 시장, STO] 시장 개화 앞두고 진통 '여전'",실제로 조각투자 업계는 그간 금융규제 샌드박스를 통해 제한적으로 서비스를 제공했고 금융위원회는 2023년 2월 '증권토큰의 발행·유통 규율체계'를 규제 혁신 안건으로 심의하고 국내 STO의 제도권 편입을 위한 계획을...,http://www.bizwnews.com/news/articleView.html?idxno=124815,1,0.95,strong_keep_regulatory_action,0.618009,0,pseudo_keep_model_drop,,,,,,
2026-05-15,제주 고유가 지원금 2차 지급…도민 70% 15만원 받아,"않은 소상공인들은 수수료 혜택을 누릴 수 있도록 가맹점 등록을 서둘러달라""고 당부했다. 온라인 신청은 탐나는전 앱이나 각 카드사 누리집에서 가능하며, 오프라인은 주민센터나 은행 영업점을 방문하면 된다.",https://view.asiae.co.kr/article/2026051414105882052,1,0.95,strong_keep_card_credit,0.618378,0,pseudo_keep_model_drop,keep,candidate_hybrid_keep_strong_rule_anchor,8,은행;카드사,수수료;가맹점,
2026-03-24,"동양생명, 우리금융 편입 후 재무건전성 회복세 뚜렷",동양생명의 지급여력비율(K-ICS·킥스)은 지난해 1분기 127.2%에서 연말 177.3%로 50%포인트 이상 상승했다. 또한... 실제 한국신용평가는 동양생명의 우리금융 편입을 앞둔 지난해 6월 보험금지급능력 평가등급을 기존 'AA...,https://www.ekoreanews.co.kr/news/articleView.html?idxno=85146,1,0.95,strong_keep_insurance_risk,0.618782,0,pseudo_keep_model_drop,,,,,,
2026-04-24,"""불법사채, 사후 처벌보다 사전 차단이 우선""…한국 TI 인권시민연대 제...","한국 TI 인권시민연대 불법사채 대응센터는 불법사금융 문제 해결을 위한 제도 개선 방안을 발표하고, 기존... 초기 단계부터 단속과 처벌이 가능하도록 법 개정이 이뤄질 경우 선제적 범죄 예방이 가능할 것으로 분석됐다....",http://www.sisunnews.co.kr/news/articleView.html?idxno=237401,1,0.95,strong_keep_lending_consumer_protection,0.619216,0,pseudo_keep_model_drop,,,,,,
2026-04-08,서민금융 출연금 2000억 확대…취약차주 금융지원 여력 확대,"따라 불법사금융으로 이동하는 수요를 일정 부분 억제할 수 있을 것으로 보인다. 당국은 보증 공급 확대를 통해 취약계층의 자금 수요를 흡수하는 한편, 불법사금융에 대한 단속을 병행해 관련 피해를 줄인다는 계획이다.",http://www.seoulwire.com/news/articleView.html?idxno=715586,1,0.95,strong_keep_lending_consumer_protection,0.619479,0,pseudo_keep_model_drop,,,,,,
2026-04-01,모발이식·필러 해놓고 실손 처리?…병원·보험업자 연루 사기 기승,보험 설계사가 치위생사로 근무하면서 환자들의 치과 진료 이력을 지우고 치아보험에 가입시킨 뒤 보험료... 시술을 실손보험으로 처리해 무료로 받을 수 있게 해준다는 병원 측의 제안을 안일하게 받아들였다가 공범이...,https://www.joongang.co.kr/article/25416399,1,0.95,strong_keep_insurance_risk,0.619766,0,pseudo_keep_model_drop,,,,,,
2026-05-09,"우리금융저축은행, NICE 신용등급 전망 'A 안정적' 상향","연체율과 고정이하여신비율은 2024년 말 각각 6.5%, 9.8%에서 2025년 말 4.55%, 6.9%로 하락했다. PF대출과 브릿지론 비중도 지속적으로 축소됐다. 특히 브릿지론은 신규 취급 제한과 기존 사업장 정리를 통해 크게 감소했다....",http://www.newslock.co.kr/news/articleView.html?idxno=129848,1,0.95,strong_keep_savings_bank_risk,0.620666,0,pseudo_keep_model_drop,,,,,,
2026-03-20,"[금융가 이모저모] 이찬진의 소통법…""조용하던 내부 달라졌다""","금감원 익명 게시판 등에서도 ""질문을 해도 되는 분위기 자체가 생겼다""는 취지의 의견이 나오며 변화된... 대외적으로는 금융위원회와의 정책 조율 과정에서 금감원의 입지를 보다 분명히 하려는 포석으로도 해석된다....",https://news.einfomax.co.kr/news/articleView.html?idxno=4404633,1,0.95,strong_keep_regulatory_action,0.621161,0,pseudo_keep_model_drop,,,,,,
2026-04-14,“요즘 누가 카드 쓰나요”…‘페이’ 확산에 카드업계 긴장,"12일 여신금융협회에 따르면, 국내 8개 전업 카드사(삼성·신한·KB국민·현대·롯데·하나·우리·BC) 개인... 여기에 가맹점 수수료 인하 여파로 축소된 소비자 혜택, 그리고 단기 사용에 그치는 제휴카드 중심의 발급...",https://www.mk.co.kr/article/12015314,1,0.95,strong_keep_card_credit,0.621293,0,pseudo_keep_model_drop,,,,,,
2026-03-17,"법무법인 린(LIN) 관세팀, “관세 · 외환 · 조세의 완벽한 삼각 방어”",관세청 심사나 금감원 검사 단계에서 선제적·효과적으로 대응해 형사 사건화 되지 않도록 하는 것이 가장 중요합니다. 법무법인 린 관세팀은 이 초기 대응에 모든 역량을 집중하고 있습니다.” Q : 외환거래를 앞둔...,https://www.tfmedia.co.kr/news/article.html?no=202574,1,0.95,strong_keep_regulatory_action,0.621526,0,pseudo_keep_model_drop,,,,,,
2026-04-03,"메트라이프, 순이익의 2.8배 배당하고도...재무상태는 여전히 '양호'","286%이던 이 회사의 킥스 비율은 배당 후 270%(2025년 4분기 기준)로 낮아졌지만, 여전히 금융당국 권고... 한편 외국계 보험사 중 2024 회계연도에 3천억원의 배당을 실시했던 라이나생명은 2025회계연도에는...",https://www.raonnews.com/news/article.html?no=57164,1,0.95,strong_keep_insurance_risk,0.622000,0,pseudo_keep_model_drop,,,,,,
2026-03-14,"'6천억' 국민성장펀드 공모펀드, 미래·삼성·KB운용이 맡는다",금융위원회는 재정모펀드 운용사로 선정된 한국성장금융투자운용이 실시한 공모펀드 운용사 모집 결과 이... 금융위는 첨단산업 육성이라는 정책 목적과 국민참여형 펀드의 수익성·안정성을 균형 있게 달성할 수 있는...,http://www.wowtv.co.kr/NewsCenter/News/Read?articleId=A202603130433&t=NN,1,0.95,strong_keep_regulatory_action,0.622109,0,pseudo_keep_model_drop,,,,,,
2026-04-25,"기업은행 노사, ‘임금 체불 재발 방지 방안’ 합의… 830억 미지급 수당...","금융위, 곧 심의회 열고 후속 조치 진행 기업은행 노사가 약 830억원에 달하는 미지급 수당 문제 해결을 위해... 이는 금융위원회가 기업은행 노사에 임금 체불 재발 방지 방안 마련을 요구한 데 따른 것이다. 미지급 수당...",https://biz.chosun.com/stock/finance/2026/04/25/FXWFAQQHHJEKBJW6SV4QS4IYT4/?utm_source=naver&utm_medium=original&utm_campaign=biz,1,0.95,strong_keep_regulatory_action,0.622827,0,pseudo_keep_model_drop,,,,,,
2026-05-10,"12개월 최고 연 3.61%…더블저축은행 ‘정기예금(인터넷뱅킹,스마트뱅킹...",5월 둘째 주 저축은행 12개월 기준 정기예금 상품 가운데 세전 이자율(기본 금리)과 최고 금리(우대 금리 포함)는 연 3.61%로 나타났다. 기본 금리와 최고금리 모두 전주 대비 0.01%p 하락했다. 우대 조건 등을 활용하면 0.1...,http://www.fntimes.com/html/view.php?ud=2026051001440844597c96e79780_18,1,0.95,strong_keep_lending_consumer_protection,0.623173,0,pseudo_keep_model_drop,,,,,,
2026-04-18,[주간 금리 리포트: 저축은행] 정기예금 최고 연 3.57%...적금은 최고 8...,"데일리팝이 2026년 4월 17일 기준 전국 저축은행의 정기예금 금리를 비교한 결과, 79개 저축은행의 332개 상품 중 고려저축은행의 '정기예금(비대면)'이(가) 연 3.57%로 최고금리를 기록했다. 이는 같은 날 시중은행...",http://www.dailypop.kr/news/articleView.html?idxno=98123,1,0.95,strong_keep_lending_consumer_protection,0.625281,0,pseudo_keep_model_drop,,,,,,
2026-03-19,"DB손보·얼라인, 주총서 자본관리 격돌 예고",이에 따라 일각에서는 얼라인의 자본 관리 요구가 보험업의 특수성을 간과한 채 경영 유연성을 저해하고 있다는 우려가 나온다. 실제로 주요 신용평가사들이 킥스 비율 200% 하회 여부를 등급 유지의 핵심 지표로 삼고...,http://www.segyebiz.com/newsView/20260318518048?OutUrl=naver,1,0.95,strong_keep_insurance_risk,0.625317,0,pseudo_keep_model_drop,,,,,,
2026-04-25,금융업 확대·진출 지렛대 된 저축은행 M&A 시장,"부동산PF 부실에 따른 충격이 아직 남아있고, 정부의 대출 규제로 인해 예대마진 중심의 전통적인 수익구조로는 성장 동력을 확보하기 어렵다는 평가가 지배적이다. 다만 부실 확대로 인해 시장에서 퇴출되는 저축은행은...",https://www.naeil.com/news/read/586640?ref=naver,1,0.95,strong_keep_savings_bank_risk,0.625639,0,pseudo_keep_model_drop,,,,,,
2026-04-10,"금융당국, 가상자산거래소 출금 지연 예외 기준 표준화",금융위원회가 최근 가상자산거래소에서 자체기준에 따라 출금 지연 예외를 허용하며 발생할 수 있는 보이스피싱 피해금 유출을 최소화하고자 보다 강화된 '출금 지연 제도'를 시행한다고 8일 밝혔다. 가상자산 출금...,https://www.epnc.co.kr/news/articleView.html?idxno=400154,1,0.95,strong_keep_regulatory_action,0.626104,0,pseudo_keep_model_drop,,,,,,
2026-04-07,"""한 달도 못 버틴다"" 석유대리점 비명…유통협회, 도매가 인하 긴급 호...",아울러 협회는 주유소 카드 수수료 체계 개선도 요구했다. 현재는 매출액 대비 1.5% 정률제로 운영돼 유가가 오를수록 카드사 수익이 늘어나 주유소 판매가 인하 여력을 악화시키고 있다는 것이다. 협회는 고유가 기간에는...,https://www.fntoday.co.kr/news/articleView.html?idxno=381585,1,0.95,strong_keep_card_credit,0.627118,0,pseudo_keep_model_drop,,,,,,
2026-03-10,"[기자수첩] ""농협은 누구의 것인가""…비리로 드러난 '무너진 협동조합 ...",'농민의 은행'이라 불리는 농협이 또다시 비리의 민낯을 드러냈다. 9일 정부 합동 특별감사 결과 발표는... 연체 대출 금리를 소급 인하하고 부실채권을 정상채권으로 둔갑시키는 방식으로 적자를 흑자로 꾸민 분식회계...,https://www.bzeronews.com/news/articleView.html?idxno=813263,1,0.95,strong_keep_bank_consumer_credit,0.627469,0,pseudo_keep_model_drop,,,,,,
2026-04-18,"금융위, 80조 금융지원 가동…철강·후방산업 '유동성 방어' 총력",[사진=금융위원회]  정부가 중동 정세 불안과 글로벌 관세 압박으로 어려움을 겪는 철강 산업과 연관 산업... 자금 조달 부담을 낮추기 위한 제도 개선도 추진된다. 6월부터 신용보증기금이 프라이머리 채권담보부증권(P...,https://www.greened.kr/news/articleView.html?idxno=339437,1,0.95,strong_keep_regulatory_action,0.627709,0,pseudo_keep_model_drop,,,,,,
2026-03-05,지난해 IPO 공모가 거품 빠졌다…밴드 초과 사례 '0건',"금감원 관계자는 ""지난 2024년 5월에 발표한 'IPO 주관업무 개선방안'과 2025년 1월 'IPO 및 상장폐지 제도개선 방안' 시행 이후 공모가 산정이 점차 정상화되는 모습을 보이고 있다""고 설명했다. 다만 하반기 증시...",http://www.newsprime.co.kr/news/article.html?no=726011,1,0.95,strong_keep_regulatory_action,0.627882,0,pseudo_keep_model_drop,,,,,,
2026-03-17,‘K-엔비디아’ 첫 투자 대상 곧 발표...유력후보는?,"16일 금융당국에 따르면 금융위원회는 이달 마지막 주 기금운용심의위원회를 열어 국민성장펀드의 첫 지분... 한편 금융위원회는 이번 주 딥엑스, 모빌린트, 하이퍼엑셀 등 국내 NPU 기업들과 간담회를 열고 산업 전반의...",https://www.mk.co.kr/article/11989267,1,0.95,strong_keep_regulatory_action,0.627948,0,pseudo_keep_model_drop,,,,,,
2026-04-22,"[이슈] JT저축은행, 1년 만에 흑자 전환 성공… 건전성 지표도 '청신호'","이자수익 증가세는 제한적이었지만 이자비용과 충당금 적립 부담이 줄면서 실적이 개선됐고, 연체율과... JT저축은행 관계자는 ""지난해 연체율 개선에 힘입어 고정이하여신비율도 소폭 감소했다""며 ""흑자전환과 함께...",http://www.paxetv.com/news/articleView.html?idxno=270192,1,0.95,strong_keep_savings_bank_risk,0.627997,0,pseudo_keep_model_drop,,,,,,
2026-03-19,“주택연금은 사실상 대출”…기초수급 소득기준서 제외 추진,금융위는 “주택연금은 대출임에도 소득에 포함되거나 재산에서 잔액이 공제되지 않는 측면이 있다”며 제도 개선의 필요성을 설명했다. 전문가들 역시 주택연금 수령액을 소득에서 제외해야 한다는 의견을 꾸준히...,https://www.sedaily.com/article/20021158?ref=naver,1,0.95,strong_keep_regulatory_action,0.629046,0,pseudo_keep_model_drop,,,,,,
2026-04-06,"석유유통협회 ""도매 대리점 공급가, 최고가격보다 낮아져야""","지난 40년간 매출액 대비 1.5% 정률제로 운영돼 유가가 오를수록 카드사 수익이 늘어나는 주유소 카드 수수료 체계도 개선해야 한다고 요구했다. 협회는 ""현재 정률제 카드 수수료 체계는 주유소 판매가 인하 여력을 더욱...",https://www.yna.co.kr/view/AKR20260405032300003?input=1195m,1,0.95,strong_keep_card_credit,0.629335,0,pseudo_keep_model_drop,,,,,,
2026-05-16,"우리은행, 서민금융진흥원과 불법사금융 피해 예방 캠페인 실시","한편, 우리은행은 지난해 불법 사금융 피해 예방을 위해 취약계층 대상의 금융 교육을 강화하고, 보이스피싱 방지를 위한 모바일 앱 보안 솔루션 업그레이드 및 피해자 지원 센터를 운영했다. 특히 경찰청 등 유관기관과...",https://www.sentv.co.kr/article/view/sentv202605150081,1,0.95,strong_keep_lending_consumer_protection,0.629395,0,pseudo_keep_model_drop,keep,candidate_hybrid_gray_keep_rule_score_ge_threshold,7,불법사금융,금융,
2026-04-20,[오늘의 주요일정·20일] 행안부 집중안전점검 대책회의,"이억원 금융위원장, 해외출장 ▲ 이창용 한국은행 총재 이임식(10:00 한국은행 별관 강당) [산업]... 기초생활보장제도 개선 입법 간담회(13:30 의원회관 제1소회의실) 이학영 의원실 등, 지역화학사고대비체계...",https://www.safetimes.co.kr/news/articleView.html?idxno=242048,1,0.95,strong_keep_regulatory_action,0.630266,0,pseudo_keep_model_drop,,,,,,
2026-04-29,ESG공시 로드맵 확정 막판 진통...발표 5월 초로 연기,"서울 종로구 정부서울청사내 금융위원회 모습. 사진=연합뉴스 지속가능성(ESG) 공시 의무화 로드맵 발표가 5월 초로 또 미뤄졌다. 금융위원회는 당초 4월 안에 최종안을 확정하려던 계획을 접고, 5월 초 연휴 직후로 발표...",https://www.esgeconomy.com/news/articleView.html?idxno=15379,1,0.95,strong_keep_regulatory_action,0.630347,0,pseudo_keep_model_drop,,,,,,
2026-04-27,"보완수사 요구받은 경찰, 방시혁 영장 재신청 검토…'사건 핑퐁' 우려도",형사소송법은 검사가 정당한 이유 없이 영장을 청구하지 않을 경우 경찰이 해당 검사 소속 지방검찰청 관할... 검찰이 지휘 중인 금감원 특사경에서 사건을 송치받은 뒤 병합해 영장을 청구할 가능성도 있다. 앞서 검찰은...,https://www.mt.co.kr/society/2026/04/27/2026042613265352309,1,0.95,strong_keep_regulatory_action,0.630834,0,pseudo_keep_model_drop,,,,,,
2026-04-08,"취임 100일 김은경 서금원장 ""금융기본권 연구단 출범…정책 현장 정착...","특히 연체 이전 단계에서도 선제적으로 대응할 수 있도록 제도를 개선하고, 저금리 대출과 금융서비스... 이를 통해 금융위원회의 '크레디트 빌드업' 모델의 실현 가능성을 높이고 단계 간 격차를 해소한다는 계획이다. 김...",https://www.newsway.co.kr/news/view?ud=2026040714332160913,1,0.95,strong_keep_regulatory_action,0.630922,0,pseudo_keep_model_drop,,,,,,
2026-04-29,3월 은행 대출금리 4.20%…주담대는 4.34%로 상승,"01%포인트 낮아졌다. 이에 따라 신규취급액 기준 예대금리차는 1.38%포인트로 전월 대비 0.05%포인트 축소됐다. 비은행 금융기관의 경우 예금금리는 전반적으로 상승했으며, 대출금리는 기관별로 엇갈린 흐름을 보였다.",http://www.4th.kr/news/articleView.html?idxno=2111105,1,0.95,strong_keep_bank_consumer_credit,0.631132,0,pseudo_keep_model_drop,,,,,,
2026-03-27,중동전쟁 장기화되면 '리스크 양극화'... 지방銀·석화 등 약한 고리부...,"지방 부동산 가격 하락, 부동산 프로젝트파이낸싱(PF) 사업성 악화 등이 작용한 결과다. 다만 규제비율(은행 11.5~12.5%, 저축은행 7~8%) 밑으로 내려가진 않은 만큼 전체적으로 양호하다는 게 한은의 판단이다. 비관...",http://www.fnnews.com/news/202603261829315947,1,0.95,strong_keep_savings_bank_risk,0.631152,0,pseudo_keep_model_drop,,,,,,
2026-05-04,"김용범 정책실장 ""신용등급은 보이지 않는 계급장…은행·당국이 해법 ...","바꿔야 은행은 움직일 것""이라고 제안했다. 이어 ""언제까지 과거의 연체 기록이나 카드 이력만 쳐다보고 있을 것이냐""며 ""특히 인터넷 은행들에 이 숙제를 엄중히 맡겨야 한다. 체리피킹은 인터넷 은행의 사명이 아니다""라고...",https://www.jnilbo.com/news/articleView.html?idxno=90000032891,1,0.95,strong_keep_bank_consumer_credit,0.631269,0,pseudo_keep_model_drop,,,,,,
2026-04-01,TDF 25조원 돌파 속 자금은 '빅5'로…대형 운용사 쏠림 심화,"이에 금감원은 편중 리스크를 완화하기 위해 제도 개선을 추진한다. 오는 4월 1일부터 TDF의 해외 특정... 금감원 관계자는 ""TDF가 노후 대비를 위한 대표 투자상품으로 자리 잡을 수 있도록 안정적인 운용 환경 조성을...",https://www.ngetnews.com/news/articleView.html?idxno=549614,1,0.95,strong_keep_regulatory_action,0.631652,0,pseudo_keep_model_drop,,,,,,
2026-04-04,"구윤철 ""전쟁영향 큰 공급망·물가 품목 매일 점검 ... 소비 제약 보완 ...","투자 제도개선 추진방안, 기업현장 공공기관 숨은 규제 합리화방안 등을 논의 했다. 회의에는 구 부총리... 공정위·금융위·식약처·관세청·조달청 등 장·차관이 참석했다. 구 부총리는 모두발언에서 ""중동전쟁이 한달...",http://www.efnews.co.kr/news/articleView.html?idxno=128767,1,0.95,strong_keep_regulatory_action,0.632374,0,pseudo_keep_model_drop,,,,,,
2026-03-30,천안시 불법사금융 근절 나서,이들은 미등록 업체임에도 공식등록업체라고 속이는 경우가 많아 각별한 주의가 요구된다. 지난 2025년 7월 22일부터 시행된 개정 대부업법은 연 이자율 60%를 초과하거나 성착취·폭행·협박 등이 동반된 반사회적 불법...,https://www.ccdailynews.com/news/articleView.html?idxno=2406357,1,0.95,strong_keep_lending_consumer_protection,0.632713,0,pseudo_keep_model_drop,,,,,,
2026-04-10,두나무 3개월 영업정지 처분 취소…가상자산업계 '분수령',"따라, 가상자산 업계가 일단 한숨을 돌리게 됐습니다. 이번 판결은 금융위원회 금융정보분석원(FIU)이 지난해... 두나무가 승소하면서 향후 거래소들의 제재 대응 기조에도 변화가 불가피할 전망입니다. 서울행정법원...",http://www.newstomato.com/ReadNews.aspx?no=1297292&inflow=N,1,0.95,strong_keep_regulatory_action,0.632726,0,pseudo_keep_model_drop,,,,,,
2026-04-16,실손 간편청구 의료기관 참여율 28%… 참여 병원에 인센티브 제공,실손보험 보험료를 간편하게 청구할 수 있는 서비스(실손24)가 도입된 지 18개월 지났지만 제도를 도입한 의료기관은 28.4%에 그친 것으로 나타났다. 금융 당국과 보험업계는 실손24 활성화를 위해 참여 병·의원에 대한...,https://biz.chosun.com/stock/finance/2026/04/15/MY7OCC2DXJCN5KJXYC7TLGE6FI/?utm_source=naver&utm_medium=original&utm_campaign=biz,1,0.95,strong_keep_insurance_risk,0.633306,0,pseudo_keep_model_drop,,,,,,
2026-03-26,"자동차보험 손해율 90% 임박, 보험료 또 오르나…과잉 치료에 손해액↑",특히 사고 이력이 많은 고령 운전자나 특정 차량 소유자의 보험 갱신이 거절될 수 있다. 금감원 관계자는 “국민의 부담이 최소화하도록 과잉진료 차단 등 제도 개선점을 관계 기관과 협의할 것”이라고 말했다.,https://www.joongang.co.kr/article/25414764,1,0.95,strong_keep_regulatory_action,0.633827,0,pseudo_keep_model_drop,,,,,,
2026-05-13,이재명 대통령은 왜 약탈금융으로 '상록수'를 콕 찍었나,이재명 대통령이 2000년대 초반 '카드대란' 때 발생했던 장기연체채권에 대해 아직까지 채권추심행위를 하고 있는 전업 신용카드사와 신용카드 겸영 은행에 대해 '약탈금융'이라고 비판했다. 해당 금융사들은 다급히 관련...,https://www.insightkorea.co.kr/news/articleView.html?idxno=246261,1,0.95,strong_keep_lending_consumer_protection,0.633927,0,pseudo_keep_model_drop,keep,rule_keep_score_ge_threshold,16,은행;카드사;채권추심,연체;채권;금융,
2026-04-24,공모주 '잔혹사' 끊는다…자본시장 코너스톤 투자자 도입,"금융위는 ""중·장기 안정적 기관투자자를 사전에 확보해 IPO에 대한 투자자 신뢰 형성을 돕고 상장 후 공모주 가격 급락 문제를 완화할 것""이라며 ""건전한 IPO 문화 조성에 기여할 것으로 기대된다""고 설명했다. 향후 제도...",https://www.newsway.co.kr/news/view?ud=2026042316480268044,1,0.95,strong_keep_regulatory_action,0.634248,0,pseudo_keep_model_drop,,,,,,
2026-04-30,"이억원 ""AX, 미룰 수 없는 과제…핀테크 지원제도 개선""","이를 위해 핀테크 지원 제도도 개편하기로 했다. 금융위원회는 29일 이 위원장을 중심으로 '핀테크, 연결의 장... 과감히 개선해 나가겠다""고 밝혔다. 또 ""디지털 자산과 금융의 결합 등 새로운 금융 환경에도 적극...",https://www.newsis.com/view/NISX20260429_0003611913,1,0.95,strong_keep_regulatory_action,0.634551,0,pseudo_keep_model_drop,,,,,,
2026-03-06,[오늘의 은행] KB국민은행·신한은행·하나은행·IBK기업은행·BNK부산은...,"매 1년 경과 시점 기준 최근 1년간 누적 연체 일수가 60일 이하 및 연체 횟수가 6회 미만 요건을 충족할 경우 최대 3.0%의 보증료 인하가 적용되며, 인하 시점에 연체 중인 경우에는 제외된다. 부산은행 장인호...",http://www.financialreview.co.kr/news/articleView.html?idxno=40711,1,0.95,strong_keep_bank_consumer_credit,0.635046,0,pseudo_keep_model_drop,,,,,,
2026-04-04,"수원특례시의회, 불법사금융 광고 차단 조례 상임위 원안가결","특히 단속 중심의 대응을 넘어 피해 회복 지원과 예방교육까지 포함한 종합 대응체계를 마련했다는 점과, '불법사금융업'이라는 용어를 사용해 시민 오인을 줄이고 경각심을 높이고자 한 점이 특징이다. 해당 조례안이...",http://www.metroseoul.co.kr/article/20260402500724,1,0.95,strong_keep_lending_consumer_protection,0.635110,0,pseudo_keep_model_drop,,,,,,
2026-03-31,"""벌써 '초복' 걱정?"" 중동사태와 닭고기값이 이렇게 연결된다고?","현재 서울 등 규제 지역에서 15억 원 이하 주택 구입 시 최대 6억 원까지 주담대를 받을 수 있는데, LTV와 DSR... 금융위원회는 이번 주 가계부채 점검회의를 열어 올해 가계대출 증가율 목표치를 발표할 예정입니다....",https://radio.ytn.co.kr/program/?f=2&id=108062&s_mcd=0206&s_hcd=15,1,0.95,strong_keep_regulatory_action,0.636002,0,pseudo_keep_model_drop,,,,,,
2026-02-27,새출발기금 성실 상환에 인센 부여…잔여부채 감면·금리인하 등,"금융위는 ""새출발기금을 통해 채무자가 상환 능력 수준으로 채무를 조정받고 이를 성실히 이행하는 선순환 구조가 정착될 수 있도록 이번 제도 개선을 추진했다""며 ""소상공인과 자영업자의 재기로 이어질 수 있기를...",https://www.newsis.com/view/NISX20260226_0003528269,1,0.95,strong_keep_regulatory_action,0.636398,0,pseudo_keep_model_drop,,,,,,
2026-03-21,"보험사 주총 '이변은 없었다'···DB손보, 주주제안 이사 첫 선임",DB손해보험 정기 주주총회에서 회사 측과 행동주의 펀드가 각각 추천한 감사위원 후보가 나란히 선임되면서... 특히 상반기 발표 예정인 '밸류업 플랜'과 관련해 연결 기준 주주환원율 50% 달성과 킥스(K-ICS...,https://www.seoulfn.com/news/articleView.html?idxno=624200,1,0.95,strong_keep_insurance_risk,0.636468,0,pseudo_keep_model_drop,,,,,,
2026-04-04,"한국대부금융협회, ‘불법 대부업’이 아닌 ‘불법사금융’용어 요사용...","기존 용어(미등록대부업자)가 합법업체와의 혼동을 초래하고 불법성을 희석시킨다는 사회적 지적에 따라, 금융당국은 불법사금융의 위험성을 강조하고 소비자의 역선택을 막기 위해 법률상 용어를 정비했다. 그러나 법...",http://www.lawissue.co.kr/view.php?ud=2026040308511594199a8c8bf58f_12,1,0.95,strong_keep_lending_consumer_protection,0.636469,0,pseudo_keep_model_drop,,,,,,
2026-05-15,"이 대통령 “법정 이자 초과대출, 갚을 필요 없어”","이 대통령은 이날 오후 엑스(X·옛 트위터)에 불법사금융 특별단속기간 6개월(지난해 11월~올해 4월) 동안 경찰이 총 1553명을 검거했고, 이 중 51명이 구속됐다는 내용의 보고 문건 사진을 첨부하며 이같이 적었습니다. 이...",https://www.ichannela.com/news/main/news_detailPage.do?publishId=000000529066,1,0.95,strong_keep_lending_consumer_protection,0.636579,0,pseudo_keep_model_drop,keep,candidate_hybrid_keep_strong_rule_anchor,8,불법사금융,대출;금융,
2026-04-09,은행 가계대출 4달 만에 증가 전환…'빚투'에 신용대출↑,"대기업대출은 은행들의 대출영업 강화와 회사채 상환자금 조달수요 등으로 3조4천억원 늘었습니다. 회사채 발행은 만기도래 규모가 확대된 가운데 주주총회와 사업보고서 제출등 계절적 요인, 금리 변동성 확대 등의...",https://biz.sbs.co.kr/article_hub/20000302871?division=NAVER,1,0.95,strong_keep_bank_consumer_credit,0.637045,0,pseudo_keep_model_drop,,,,,,
2026-04-21,내부모형 승인 기준 마련한 당국…보험 자본 활용 트이나,현재 지급여력(킥스·K-ICS) 비율 산출은 표준모형을 통해 보험업권의 평균치를 활용해 사용하고 있다. 그렇다 보니 각 보험사는 각자가 가진 보험 포트폴리오나 통계 등을 반영하지 못한 채 표준 수치에 맞춰 요구자본을...,https://news.einfomax.co.kr/news/articleView.html?idxno=4410424,1,0.95,strong_keep_insurance_risk,0.637700,0,pseudo_keep_model_drop,,,,,,
2026-04-17,예별손보 본입찰에 한투금융만 참여…공개매각 유찰·재입찰 검토,"가교보험사인 예별손보로 이전된 상태다. 이번 매각의 관건은 예보의 공적자금 지원 규모가 될 전망이다. 예별손보로 이전되기 전 MG손보는 완전 자본잠식 상태로, 핵심 건전성 지표인 지급여력비율(K-ICS·킥스)은...",https://biz.heraldcorp.com/article/10719022?ref=naver,1,0.95,strong_keep_insurance_risk,0.637721,0,pseudo_keep_model_drop,,,,,,
2026-05-07,알짜 캐피털+적자 저축은행… ‘애큐온 묶음인수’ 딜레마,"저축은행업권 전반이 건전성 부담과 부동산 프로젝트파이낸싱(PF) 후폭풍 등으로 어려움을 겪고 있지만, 수도권 핵심 거점을 확보한 저축은행은 여전히 사업 확장성과 브랜드 활용 측면에서 경쟁력이 있기 때문이다....",https://www.munhwa.com/article/11587085?ref=naver,1,0.95,strong_keep_savings_bank_risk,0.638604,0,pseudo_keep_model_drop,,,,,,
2026-03-28,보험사 대출채권 265조 돌파…기업대출 늘며 건전성 악화,지난해 보험사 대출이 기업대출을 중심으로 늘어난 가운데 연체율과 부실채권비율 등 건전성 지표가... 대출채권 연체율은 0.84%로 전분기 대비 0.03%포인트 상승했다. 가계대출 연체율은 0.84%로 0.01%포인트...,https://www.mydaily.co.kr/page/view/2026032709591326520,1,0.95,strong_keep_insurance_risk,0.638617,0,pseudo_keep_model_drop,,,,,,
2026-03-05,[격변의 동양생명] '1+1=2' 아닐 수도…동양·ABL 통합의 불편한 계산식,25일 금융권에 따르면 우리금융그룹 내 보험 계열사인 동양생명과 ABL생명은 현재 별도 법인 체제인 '한 지붕... 그러나 단순 자산 규모와 별개로 지급여력(K-ICS·킥스)의 질과 자본 구조를 함께 봐야 한다는 지적이 나온다....,https://dealsite.co.kr/articles/156103,1,0.95,strong_keep_insurance_risk,0.638909,0,pseudo_keep_model_drop,,,,,,
2026-03-10,[보험사 이모저모] 기본자본 규제에도 못 끊는 자본성증권,"보험업계에서는 내년부터 기본자본 킥스 비율이 50%를 밑돌면 적기시정조치를 부과하는 규제가 시행되지만, 경과조치 기간을 2035년 말까지 둔 만큼 올해도 자본성 증권을 적절히 활용한 킥스 비율 관리가 병행될...",https://news.einfomax.co.kr/news/articleView.html?idxno=4402443,1,0.95,strong_keep_insurance_risk,0.639190,0,pseudo_keep_model_drop,,,,,,
2026-03-26,[논현광장_박덕배의 금융의 창] ‘금융 허리’ 키워야 私금융 잡는다,저축銀·대부업 등 최종단계 강화해 저신용자 합법적 돌파구 넓혀줘야 최근 불법사금융 피해가 다시 증가하고... 그동안 불법사금융 논쟁은 주로 최고금리 문제에 집중되어 왔다. 금리를 더 낮춰야 한다는 주장과 오히려...,https://www.etoday.co.kr/news/view/2569356,1,0.95,strong_keep_lending_consumer_protection,0.639466,0,pseudo_keep_model_drop,,,,,,
2026-03-14,금융지주 주총 코앞서 지배구조 개선안 발표 미뤄 설왕설래,금융위원회가 금융지주 지배구조 개선 방안 발표 일정을 돌연 연기했다. 제도 개선 방향과 올해 주총부터 영향을 미치는 사항이 있는지에 주목하고 있다. 13일 금융권에 따르면 ISS는 최근 4대 금융지주와 BNK금융지주의...,http://www.inews24.com/view/1948795,1,0.95,strong_keep_regulatory_action,0.639642,0,pseudo_keep_model_drop,,,,,,
2026-05-08,"초기 실손 갈아타라지만…보험사, 계약재매입 '권유' 못한다",1·2세대 실손보험 가입자가 오는 11월부터 5세대로 전환하면 보험료 할인 혜택을 받을 수 있는 '계약 재매입' 제도가 시행된다. 다만 보험사가 가입자에게 적극적으로 전환을 권유하거나 설계사에게 재매입을 독려하기...,https://www.kbanker.co.kr/news/articleView.html?idxno=224877,1,0.95,strong_keep_insurance_risk,0.639797,0,pseudo_keep_model_drop,,,,,,
2026-04-28,[오늘 재경부 등 경제부처 일정],"(09:30) ※금감원, 금융투자업계 장애인 고용 활성화를 위한 간담회 개최(10:00) ※여신전문금융업법 시행령 개정안 국무회의 의결(배포시) ※불법사금융 신고의 문턱은 낮추고 범죄 차단속도는 높이겠습니다....",https://news.einfomax.co.kr/news/articleView.html?idxno=4411973,1,0.95,strong_keep_lending_consumer_protection,0.639940,0,pseudo_keep_model_drop,,,,,,
2026-03-12,상법 개정 이후 첫 시험대 오른 보험사 주총 관전 포인트는?,상법 개정은 단순한 제도 개선을 넘어 기업 경영 투명성과 주주권 보호라는 시대적 요구를 반영한 변화로... 그는 자본시장연구원장과 금융위 금융발전심의회 위원장 등을 역임한 인물로 국내 거시·금융 분야의 전문가다....,https://www.insightkorea.co.kr/news/articleView.html?idxno=242563,1,0.95,strong_keep_regulatory_action,0.640155,0,pseudo_keep_model_drop,,,,,,
2026-05-07,[금융 정조준] 지배구조 이어 대출 시장 흔든다…은행 '곤혹',이는 은행권이 고금리 환경과 예대금리차 확대 등에 힘입어 이자 장사로 역대 최대 규모의 순이익을 내고 있다는 프레임과 무관치 않다. 금융을 시장의 원리로 보지 않고 정치 문법을 가미해 구조적 불공정으로 해석한...,https://news.einfomax.co.kr/news/articleView.html?idxno=4413237,1,0.95,strong_keep_bank_consumer_credit,0.640191,0,pseudo_keep_model_drop,,,,,,
2026-03-31,"“ESG 공시, 사업보고서 내 법정공시로 안착해야”",금융·자본시장 분야에 대한 이해를 바탕으로 제도 개선을 이끌어 온 그는 공시 책임과 기업 부담 간 균형... 공시 제도가 기업과 시장 모두에게 긍정적인 제도로 자리 잡을 수 있다고 생각합니다.” 금융위가 발표할 4월...,https://www.hankyung.com/article/202603101265i,1,0.95,strong_keep_regulatory_action,0.641388,0,pseudo_keep_model_drop,,,,,,
2026-04-06,"[저축은행 갈림길] 연체율 하락 기조에도…""연내 재상승 우려""","저축은행의 연체율 하락 기조가 지속되고 있지만, 올해 들어 반등할 수 있다는 경계심이 커지고 있다. 업계에서는 대출이 적극적으로 실행되기 쉽지 않은 상황인 만큼 당분간 예대율 하락 속에서도 연체율이 일부...",https://news.einfomax.co.kr/news/articleView.html?idxno=4407737,1,0.95,strong_keep_savings_bank_risk,0.641637,0,pseudo_keep_model_drop,,,,,,
2026-04-09,"3월 가계대출 3.5조↑...은행 주담대 1.5조 감소했지만, 기타대출 0.5조 ...","8일 금융위원회에 따르면, 지난달 전 금융권 가계대출은 3조5000억원 증가하면서 전월에 2조9000억원... 금융위는 다음 달 9일 다주택자 양도소득세 중과 유예 종료를 앞두고 매물이 몰릴 수 있고, 중동 지역 리스크...",https://www.chosun.com/economy/economy_general/2026/04/08/55ETC5FQTJELFA2IK4CQEYH2BM/?utm_source=naver&utm_medium=referral&utm_campaign=naver-news,1,0.95,strong_keep_bank_consumer_credit,0.641729,0,pseudo_keep_model_drop,,,,,,
2026-04-24,"[저축은행 뇌관] 간판값 못 한 하나저축…BIS, 지주 계열 '최하위'",특히 PF 대주단 협의회나 자율협약 절차를 밟고 있는 부동산 관련 여신뿐만 아니라 일반 법인의 기업회생 신청 등 리스트에 오른 모든 여신이 단 한 푼도 정상적으로 회수되지 못하고 있어 건전성 지표를 더...,https://www.ebn.co.kr/news/articleView.html?idxno=1706335,1,0.95,strong_keep_savings_bank_risk,0.641899,0,pseudo_keep_model_drop,,,,,,
2026-04-01,지난해 카드사 ROA 1% 턱걸이…수익구조 '흔들',2012년 정부가 영세·중소 자영업자를 지원하기 위해 카드 수수료율을 인하하기 시작한 후 2013년과 2014년 연속된 수수료 인하 조치로 카드사의 수익 기반이 약화됐다. 여기에 카드론과 현금서비스 규제 강화...,http://www.hansbiz.co.kr/news/articleView.html?idxno=828943,1,0.95,strong_keep_card_credit,0.642250,0,pseudo_keep_model_drop,,,,,,
2026-02-27,"이찬진 금감원장 ""보험사들 단기 성과 부풀리기 엄정 대응…소비자 보호...","또한 기본자본 지급여력(킥스·K-ICS) 제도, 손해율·사업비 가이드라인 등 건전성 제도 시행에 맞춰 선제적으로 대비해달라고 주문했다. 이에 보험사 CEO들은 장기 기관투자자로서 생산적 금융을 활성화하고 포용적 금융을...",http://www.seoulwire.com/news/articleView.html?idxno=708568,1,0.95,strong_keep_insurance_risk,0.642453,0,pseudo_keep_model_drop,,,,,,
2026-05-09,"우리금융저축은행, NICE 신용등급 전망 'Stable' 상향","연체율은 2024년 말 6.5%에서 지난해 말 4.55%로 낮아졌고, 고정이하여신비율도 같은 기간 9.8%에서 6.9%로... 신용평가업계에서는 저축은행의 연체율과 PF 익스포저 관리, 그룹 차원의 지원 가능성 등을 주요 신용평가...",http://www.econonews.co.kr/news/articleView.html?idxno=437750,1,0.95,strong_keep_savings_bank_risk,0.642782,0,pseudo_keep_model_drop,,,,,,
2026-05-15,이 대통령 “법정이자 초과대출은 무효…불법사금융·무허가 대부업 처...,"이 대통령은 이날 자신의 X(옛 트위터)에 ‘불법사금융 특별단속’ 현황을 공유하며 “고리대, 도박은 망국징조다. 금융은 민간영업 형태이지만 국가발권력과 독과점적 인허가에 기반한 준공공사업이니, 공적책임을...",https://www.mk.co.kr/article/12047481,1,0.95,strong_keep_lending_consumer_protection,0.643900,0,pseudo_keep_model_drop,keep,candidate_hybrid_keep_strong_rule_anchor,13,대부업;불법사금융,대출;금융,
2026-04-11,더 좁아지는 상호금융 대출문… 비조합원 주담대 등 줄줄이 중단,대출 문턱이 높아지면 우량한 신용을 지닌 차주 위주로 대출이 공급될 가능성이 생길 수 있다는 우려가 나온다. 기존에 상호금융을 이용하던 중저신용자들은 법정최고금리 수준의 대부업 등으로 밀려날 거란 전망이다.,https://www.munhwa.com/article/11581319?ref=naver,1,0.95,strong_keep_lending_consumer_protection,0.644020,0,pseudo_keep_model_drop,,,,,,
2026-04-29,年이자 1417%… 불법사금융 피해 40대-일용직 최다,금융위원회는 서민금융통합지원센터의 ‘불법 사금융 피해자 원스톱 종합·전담 지원 서비스’에서 8주... 피해자들이 못 갚은 원리금까지 감안하면 연 환산 금리가 1417%에 달한다는 게 금융위의 설명이다. 대부...,https://www.donga.com/news/Economy/article/all/20260429/133831200/2,1,0.95,strong_keep_lending_consumer_protection,0.644036,0,pseudo_keep_model_drop,,,,,,
2026-04-14,“은행 대출 90% 나와 주택 매매예약 가능”…분양전환 노린 ‘매매예약...,"주택담보대출로 대환 시 DSR(총부채 원리금 상환비율), LTV(담보인정비율) 등 규제로 차주는 상당한 대출금을 일시상환해야 하는데, 이를 납입하지 못하면 연체 발생 등 심각한 신용위험 상태에 빠질 수 있다”고 경고했다.",https://www.mk.co.kr/article/12015258,1,0.95,strong_keep_bank_consumer_credit,0.644706,0,pseudo_keep_model_drop,,,,,,
2026-02-27,"[스틸컷] ""주가조작 ㅇㅇ해 팔자고치자"" 이재명-이억원 '쿵짝'",이억원 금융위원장의 페이스북(페북) 글에 대한 답글입니다. 이억원 위원장이 25일 페북에 '주가조작... 잠자는 내부자를 깨우는 강력한 제도 개선을 통해 자본시장의 공정성과 신뢰를 더욱 굳건히 세워 나가겠습니다....,https://www.dailybrief.co.kr/news/articleView.html?idxno=5082,1,0.95,strong_keep_regulatory_action,0.644795,0,pseudo_keep_model_drop,,,,,,
2026-03-20,"저축은행, 작년 순이익 4173억 '흑자 전환'…연체율 6%로 개선",부실채권 매·상각 등에 힘입어 연체율도 6%로 1년 전보다 개선됐습니다. 저축은행중앙회는 지난해... 연체율은 전년 대비 2.5%p 하락한 6%로 집계됐습니다. 부문별로는 기업대출이 2024년말 12.8%에서 지난해말 8%로 4.8%p...,https://biz.sbs.co.kr/article_hub/20000298632?division=NAVER,1,0.95,strong_keep_savings_bank_risk,0.645125,0,pseudo_keep_model_drop,,,,,,
2026-04-07,해킹으로 첫 영업정지?… 고객정보 유출 롯데카드 제재 주목,"금감원 관계자는 ""롯데카드 제재수준은 확정되기 전까지 확인해줄 수 없다""고만 밝혔다. 금융권은 롯데카드 제재수위에 촉각을 세우고 있다. 지난해부터 금융사에서 외부 사이버 침해사고가 빈번히 발생해서다....",https://www.mt.co.kr/finance/2026/04/07/2026040620085357933,1,0.95,strong_keep_regulatory_action,0.645459,0,pseudo_keep_model_drop,,,,,,
2026-04-09,"경찰, 연 6천800% 불법사금융업자 이실장 수사 착수",금감원은 불법사금융 피해 신고센터에 접수된 이실장 관련 신고가 총 62건이라고 밝혔습니다. 이실장은 신분증과 가족의 연락처 등 과도한 개인정보를 담보로 요구하며 초단기·초고금리 소액 대출을 일삼은 것으로...,https://www.ytn.co.kr/_ln/0103_202604082259309403,1,0.95,strong_keep_lending_consumer_protection,0.645576,0,pseudo_keep_model_drop,,,,,,
2026-04-17,"금감원, 최근 민원사례 관련 '종신보험 가입시' 유의사항 발표",금감원에 따르면 사망시 유족의 경제적 안정을 위해 가입하는 종신보험을 수익추구가 가능한 저축상품처럼... 금감원은 그러면서 종신보험 가입시 3대 필수 체크사항을 소개했다. 우선 종신보험 바로알기이다. 종신보험은...,http://www.intn.co.kr/news/articleView.html?idxno=2050204,1,0.95,strong_keep_regulatory_action,0.645952,0,pseudo_keep_model_drop,,,,,,
2026-02-12,"풍선효과로 2금융권 대출 증가…당국, 대출 더 조이나",제2금융권 가계대출 증가 폭은 오히려 더 커진 것으로 나타났다. 6·27 대책과 10·15 대책으로 은행 문턱이... 있다”며 ”범정부적 가계부채 관리 기조에 맞춰 관리를 더욱 강화해 나가겠다“고 했다. 우선 새마을금고는...,http://www.edaily.co.kr/news/newspath.asp?newsid=06622326645349536,1,0.95,strong_keep_bank_consumer_credit,0.645978,0,pseudo_keep_model_drop,,,,,,
2026-03-02,지난해 불법사금융 신고 1만7538건… 13년 만에 최대,"세부 신고 유형별로는 미등록 대부(9293건), 채권추심(4280건), 고금리(1904건), 불법광고(812건), 불법수수료(699건) 유사수신(550건) 순으로 나타났다. 미등록 대부업체 신고 건수는 불법사금융 피해 신고 센터 설립 초기인...",https://www.donga.com/news/Economy/article/all/20260301/133442725/1,1,0.95,strong_keep_lending_consumer_protection,0.646148,0,pseudo_keep_model_drop,,,,,,
2026-03-24,[2금융 뉴스브리핑] 신복위 '불법사금융 원스톱 지원' 공모전 개최,□ 애큐온저축은행 'ESG 플로길 데이' 진행 애큐온저축은행이 서울 강남구 지하철 2호선 선릉역 인근에서 '노사가 함께하는 환경·사회·지배구조(ESG) 플로깅 데이' 행사를 진행했다. 해당 행사는 지난해 12월 임단협...,https://www.asiatime.co.kr/article/20260323500386,1,0.95,strong_keep_lending_consumer_protection,0.647263,0,pseudo_keep_model_drop,,,,,,
2026-03-19,"[단독] 금감원, 은행에서도 대거 팔린 ETF 점검 나선다","금감원의 대응은 1~3단계로 나뉜다. 1단계는 서면점검과 검사, 경영진 면담이며, 2단계는 현장점검이다. 사안이 중대하다고 판단되면 판매 제한 권고 등 강도 높은 조치도 검토된다. 이와 함께 금융상품이 범죄에 악용되는...",https://www.mk.co.kr/article/11991635,1,0.95,strong_keep_regulatory_action,0.647684,0,pseudo_keep_model_drop,,,,,,
2026-02-20,총량 규제에 자영업자 부실 확대까지…저축은행·상호금융 '이중 부담',"특히, 상호금융과 저축은행에서 연체율 상승폭이 커지면서 건전성에 경고음이 커지고 있다. 가계대출 총량... 매각과 연체율 관리로 부담이 커진 상태에서 자영업 부실이 겹칠 경우 추가 NPL 증가와 조달 비용 상승이...",https://www.dailian.co.kr/news/view/1611930/?sc=Naver,1,0.95,strong_keep_savings_bank_risk,0.647991,0,pseudo_keep_model_drop,,,,,,
2026-03-30,'영끌족 진짜 어떡해' 주담대 7% 돌파…중동사태 ‘불똥’,이런 가운데 은행들의 예금금리는 연 3%를 밑돌아 일부 은행의 예대금리차(예금금리-대출금리)가 다시 벌어지고 있다. 29일 금융권에 따르면 5대 은행(KB국민·신한·하나·우리·NH농협)의 5년 주기형 주택담보대출...,http://www.edaily.co.kr/news/newspath.asp?newsid=01781046645388240,1,0.95,strong_keep_bank_consumer_credit,0.648066,0,pseudo_keep_model_drop,,,,,,
2026-05-07,"""보험료 30% 싸지고 중증 보장 두텁게""…5세대 실손보험 6일부터 판매","물리치료·비급여 주사제 등 비필수 치료가 비급여 보험금의 절반 가까이를 차지하면서 전체 가입자의 보험료가 연평균 8~10%씩 올랐다. 2018년 8조4,000억원이던 실손 보험금 지급액은 2024년 15조2,000억원으로 6년 새 81...",http://www.srtimes.kr/news/articleView.html?idxno=202675,1,0.95,strong_keep_insurance_risk,0.648183,0,pseudo_keep_model_drop,,,,,,
2026-04-16,"""불법추심·정보유출 엄단""…금감원, 대부업·추심업에 '경고장'","금감원은 ""불법추심이나 개인정보 유출 등 위법 행위가 적발될 경우 엄정 제재할 것""이라며 ""대부업권과 채권추심업권의 건전한 시장 질서를 확립해 나가겠다""고 밝혔다.",http://www.newsfc.co.kr/news/articleView.html?idxno=78106,1,0.95,strong_keep_lending_consumer_protection,0.648420,0,pseudo_keep_model_drop,,,,,,
2026-03-06,"[정책포커스] 금융위원회, 디지털자산 생태계 조성 착수","'자본시장법'은 투자자 보호를 위해 금융투자업 인가 및 업무기준, 증권신고서 등 공시, 불공정거래, 거래소·장외거래 제도 등을 규율하고 있다. 이억원 금융위원장은 ""현재의 투자자 보호장치가 토큰증권에 부합하는지를...",http://www.sisacast.kr/news/articleView.html?idxno=92739,1,0.95,strong_keep_regulatory_action,0.648507,0,pseudo_keep_model_drop,,,,,,
2026-04-08,공모주도 반품이 된다?…IPO 풋백옵션의 투자자 안전장치,금융위원회는 지난해 초 기관투자자 의무보유 확약 우선배정 비중을 확대하고 부실 기업의 신속한 퇴출을 유도하는 상장폐지 요건 강화를 골자로 한 'IPO 및 상장폐지 제도 개선 방안'을 발표한 바 있습니다. 여기에 더해...,https://www.dailypharm.com/user/news/337281?REFERER=NP,1,0.95,strong_keep_regulatory_action,0.648924,0,pseudo_keep_model_drop,,,,,,
2026-03-09,보험 대리점 내부 통제 위탁 보험사가 평가… 미흡할 땐 불이익,이 과정에서 평가가 미흡하거나 GA에 경영 리스크(위험 요인)가 있다고 판단되면 원수사(보험사)의 지급 여력 비율(K-ICS·킥스) 산출 시 불이익을 줄 방침이다. 9일 금융 당국에 따르면 금감원은 상반기 중 보험 업계와...,https://biz.chosun.com/stock/finance/2026/03/08/SUTED56FTBFYZGE7KQLDYG5VYQ/?utm_source=naver&utm_medium=original&utm_campaign=biz,1,0.95,strong_keep_insurance_risk,0.648945,0,pseudo_keep_model_drop,,,,,,
2026-04-11,[더벨][Policy Radar] 저축은행 총량규제서 중금리대출 '80%' 제외,"부동산 PF 등 고위험 자산 비중을 줄이는 대신 서민·지역 금융 기능을 강화하는 흐름과 맞닿아 있다. ◇위축된 중금리대출, 점진적 회복 전망 위축됐던 중금리대출 영업에도 변화가 예상된다. 지난해 6·27 가계부채 관리...",https://www.thebell.co.kr/free/content/ArticleView.asp?key=202604091455021000102442,1,0.95,strong_keep_savings_bank_risk,0.648999,0,pseudo_keep_model_drop,,,,,,
2026-02-24,"[단독] 800명 ‘미지정’ 논란에…금융당국, 지자체 공공기관 포함 검토...","이에 금융위는 지난해 12월 TF를 구성해 수습 기관 확대의 실효성, 예산 문제, 직무 연계성 등에 대한 점검을 진행 중이다. 수습 기회 보장 및 안정화 방안과 최소 선발 예정 인원 제도 개선 등 중장기 수급 관리 대책도...",https://www.etoday.co.kr/news/view/2558536,1,0.95,strong_keep_regulatory_action,0.649097,0,pseudo_keep_model_drop,,,,,,
2026-04-24,"""단정적 표현·미실현 수익률 안돼""…금감원, 증권광고에 제동",금감원은 23일 오전 서울 여의도 금융투자협회에서 금융투자회사 광고제도 개선 TF 첫 회의를 열고 현행... 있다고 금감원은 지적했다. 예를 들어 커버드콜 상장지수펀드(ETF)를 홍보하며 '연 15% 프리미엄 수익목표'와 같은...,https://www.yna.co.kr/view/AKR20260423052800002?input=1195m,1,0.95,strong_keep_regulatory_action,0.649210,0,pseudo_keep_model_drop,,,,,,
2026-04-16,"네이버와 결합한 두나무, '지배구조 덫'에 갇혔다...IPO 명분 흔들","두나무 IPO는 이제 독립 플랫폼 기업의 상장 시도가 아니라, 상장사 네이버와 더 촘촘히 묶인 구조에서 다시 공모시장에 나오려는 시도로 읽힐 수밖에 없다.국내 제도 환경도 두나무에 유리하지 않다. 금융위원회는...",https://www.insight.co.kr/news/550203,1,0.95,strong_keep_regulatory_action,0.649409,0,pseudo_keep_model_drop,,,,,,
2026-03-10,[iN The Scene] 이억원 금융위원장 “불법사금융엔 병귀신속 대응해야”,"인더뉴스 문승현 기자ㅣ이억원 금융위원장은 9일 불법사금융 원스톱 종합·전담지원체계 구축을 위한... 있도록 금융위원회와 유관기관이 긴밀히 협력하겠다""고 말했다. 정부는 지난 2월말부터 원스톱 종합...",https://www.inthenews.co.kr/news/article.html?no=83989,1,0.95,strong_keep_lending_consumer_protection,0.649687,0,pseudo_keep_model_drop,,,,,,
2026-05-15,"달러 강세, AI 랠리가 막았다…환율 1491원 소폭 상승 (종합)","연방준비제도(Fed·연준)의 금리 인하 기대가 약화됐고, 미국 국채금리는 장기물 중심으로 상승하며 달러 강세를 뒷받침했다. 다만 인공지능(AI)·반도체주 중심의 글로벌 위험선호 심리가 이어지면서 원화 약세 압력은...",https://www.news1.kr/finance/market-exr/6166957,1,0.85,rule_keep_score_ge_6_with_hard_match,0.499927,0,pseudo_keep_model_drop,keep,candidate_hybrid_keep_strong_rule_anchor,23,연준;fed;환율;국채;국채금리,금리;달러;원화,
2026-05-12,"[채권마감] 10년이상 금리 2년반만 최고, 유가·환율·코스피 상승 부담",통상 낙찰금리에 스플릿이 발생한다는 것은 시장상황이 불안함을 반증하는 대표적 사례 중 하나다. 관심을 모았던 신성환 한국은행 금융통화위원회 위원은 기자회견에서 “인플레 우려가 커지면 성장과...,https://www.etoday.co.kr/news/view/2583404,1,0.85,rule_keep_score_ge_6_with_hard_match,0.519057,0,pseudo_keep_model_drop,keep,rule_keep_score_ge_threshold,17,한국은행;은행;환율,금리;코스피;채권;금융,
2026-05-16,"""중동 리스크 완화에 숨통""…4월 외국인 자금 유출 폭 대폭 축소","한국은행, 국제금융·외환시장 동향 발표 WGBI 효과에 채권 자금은 '순유입 전환' 아주경제=장수영 기자... 지난달 원·달러 환율의 변동성은 3월보다 큰 폭으로 축소됐다. 4월 중 환율 평균 변동 폭과 변동률(전일...",https://www.ajunews.com/view/20260515110654071,1,0.85,rule_keep_score_ge_6_with_hard_match,0.534924,0,pseudo_keep_model_drop,keep,candidate_hybrid_keep_strong_rule_anchor,11,한국은행;환율,채권;달러,
2026-05-13,"국고채 금리, 중동 정세 변화와 국제유가 반등에 출렁","미국과 이란 간 종전 협상이 난항을 겪으면서 국제유가가 다시 오르기 시작했고, 한국은행 금융통화위원회와 미국 연방공개시장위원회(FOMC)가 기준금리를 동결했음에도 금리 상승 압력은 되레 커졌다. 국내 1분기...",https://www.tokenpost.kr/news/economy/358775,1,0.85,rule_keep_score_ge_6_with_hard_match,0.539076,0,pseudo_keep_model_drop,keep,rule_keep_score_ge_threshold,13,한국은행;은행;기준금리,금리;금융,
2026-05-15,"다우 지수, 5만선 탈환...미중 정상회담 기대감-[글로벌 마감 시황]",(환율) 이렇게 미국의 경제 지표들이 연준에게 금리인하가 아닌 금리인상 명분을 연일 제공하자 달러화는 4일 연속 상승하고 있습니다. 달러 인덱스는 이제 다시 99선을 바라 보고 있는데요. 그렇기 때문에 일본 당국이...,http://www.wowtv.co.kr/NewsCenter/News/Read?articleId=A202605150165&t=NN,1,0.85,rule_keep_score_ge_6_with_hard_match,0.545458,0,pseudo_keep_model_drop,keep,candidate_hybrid_keep_strong_rule_anchor,10,연준;환율,금리;달러,
2026-05-14,美 CPI 쇼크에 스태그플레이션 우려 확산···증시·기술주 동반 압박,"조재운 대신증권 연구원은 ""예상치를 상회한 4 월 소비자물가지수(CPI) 발표는 스태그플레이션 우려를 재점화하며 연준의 통화 긴축 장기화 가능성을 부각했다""며 ""이는 국채금리 상승과 달러 강세를 유발해 성장주...",https://www.smartbizn.com/news/articleView.html?idxno=143754,1,0.85,rule_keep_score_ge_6_with_hard_match,0.551106,0,pseudo_keep_model_drop,keep,rule_keep_score_ge_threshold,17,연준;cp;국채;국채금리,금리;달러,
2026-05-16,"두나무, 1분기 당기순익 695억…거래량 줄며 78% 감소","가상자산 거래소 업비트 운영사 두나무가 시장 침체 여파로 1분기 실적 부진을 겪었다. 15일 금융감독원 전자공시시스템에 따르면 두나무 올해 1분기 매출액은 전년 동기 대비 55% 감소한 약 2346억원, 영업이익은 78...",https://zdnet.co.kr/view/?no=20260515172259,1,0.85,rule_keep_score_ge_6_with_hard_match,0.563960,0,pseudo_keep_model_drop,keep,candidate_hybrid_keep_strong_rule_anchor,10,금융감독원;가상자산,실적,
2026-05-15,미쓰비시UFJ “미 물가 예상 상회…달러 강세에 엔화 압박”,"앞서 이번 주 미국 CPI와 PPI가 예상치를 웃돌면서 시장은 향후 1년간 연준의 추가 금리 인상 폭을 약 20bp 반영했다. 이에 10년물 미 국채 금리는 지난해 7월 이후 최고 수준으로 올랐고, 30년물 금리는 5%를 넘어섰다.",https://www.tokenpost.kr/news/breaking/359613,1,0.85,rule_keep_score_ge_6_with_hard_match,0.568941,0,pseudo_keep_model_drop,keep,candidate_hybrid_keep_strong_rule_anchor,13,연준;cp;국채,금리;달러,
2026-05-14,"""뜨거운 물가도 못 막은 AI 랠리"" … S&P·나스닥 또 사상 최고","중동 리스크와 원유 공급 불안이 미국 내 물가 압력을 다시 키우고 있다""고 전했다. 이에 연방준비제도(Fed)의 금리 인하 기대는 한층 후퇴하는 분위기다. 일부 연준 인사들은 추가 긴축 가능성까지 거론하고 있다.",https://www.newdaily.co.kr/site/data/html/2026/05/14/2026051400007.html,1,0.85,rule_keep_score_ge_6_with_hard_match,0.571149,0,pseudo_keep_model_drop,keep,rule_keep_score_ge_threshold,11,연준;fed,금리,
2026-05-15,"뉴욕 증시, 미중 정상회담에 강세 마감","지난 수년간 미국증시에서 강한 조정이 나타났을 때는 예외 없이 '물가 상승'과 '연준의 긴축 우려', '미국 국채 금리 상승'이라는 조합이 나타났다는 점을 감안하면, 국제 유가의 안정 여부를 잘 살펴야 할 국면이 아닌가...",https://imnews.imbc.com/replay/2026/nwtoday/article/6822648_37012.html,1,0.85,rule_keep_score_ge_6_with_hard_match,0.574833,0,pseudo_keep_model_drop,keep,candidate_hybrid_keep_strong_rule_anchor,9,연준;국채,금리,
2026-05-16,"두나무, 1분기 영업익 78% 줄어든 880억원…""가상자산 거래량 감소""",가상자산 거래소 업비트를 운영하는 두나무는 지난 1분기 영업이익 880억원을 기록하면서 1년 전보다 78% 줄었다고 오늘(15일) 공시했습니다. 금융감독원 전자공시시스템에 따르면 두나무의 올해 1분기 연결 기준...,https://biz.sbs.co.kr/article_hub/20000310714?division=NAVER,1,0.85,rule_keep_score_ge_6_with_hard_match,0.576820,0,pseudo_keep_model_drop,keep,candidate_hybrid_keep_strong_rule_anchor,9,금융감독원;가상자산,,
2026-05-15,지방금융 '깜짝 실적'의 역설… 비금융이 가린 은행 실적의 '빨간불',지방은행의 연체율은 시중은행과 비교해 현저히 높은 수준을 기록하며 지역 실물 경제의 위기가 반영된 것으로 보인다. 5개 은행의 연체율 평균은 1.24%로 나타났다. 이는 5대 시중은행 평균(0.4%)의 3배를 웃도는...,http://www.srtimes.kr/news/articleView.html?idxno=203264,1,0.85,rule_keep_score_ge_6_with_hard_match,0.578039,0,pseudo_keep_model_drop,keep,candidate_hybrid_keep_strong_rule_anchor,9,은행,연체;연체율;실적;금융,
2026-05-13,[데일리 머니마켓] S&P500·나스닥 또다시 사상 최고치,"◆채권시장 미 국채금리는 전 구간에서 상승했다. 인베스팅닷컴(Investing.com)은 “10년물 금리가 5.5bp 오른 4.41%, 30년물 금리가 4.8bp 오른 4.986%를 기록했다”고 전했다. 단기물도 상승해 2년물은 약 3.946...",https://www.bigtanews.co.kr/article/view/big202605120001,1,0.85,rule_keep_score_ge_6_with_hard_match,0.580924,0,pseudo_keep_model_drop,keep,rule_keep_score_ge_threshold,10,국채;국채금리,금리;채권,
2026-05-15,‘AI 랠리 재점화’…S&P500 첫 7500선 돌파 [투자360],이날 뉴욕 채권시장에서 10년물 국채금리는 전 거래일보다 3.8bp(1bp=0.01%포인트) 하락한 4.442%를 기록했다. 통화정책에 민감한 2년물 금리는 같은 기간 2.5bp 떨어진 3.965%를 나타냈다. 이날 발표된 미국 경제지표도 시장...,https://biz.heraldcorp.com/article/10738383?ref=naver,1,0.85,rule_keep_score_ge_6_with_hard_match,0.585664,0,pseudo_keep_model_drop,keep,candidate_hybrid_keep_strong_rule_anchor,10,국채;국채금리,금리;채권,
2026-05-13,구윤철 부총리 “국채·외환시장 변동성 확대… 필요시 적기 안정 조치...,외환시장 제도개선 관련 금융기관장 간담회에서 발언하고 있다. 재정경제부 제공 구윤철 부총리 겸... 따라 원·달러 환율의 변동성이 확대되고 있다”고 진단했다. 특히 “외환시장의 과도한 쏠림 현상은 우리 경제의...,http://www.segyebiz.com/newsView/20260512518036?OutUrl=naver,1,0.85,rule_keep_score_ge_6_with_hard_match,0.585860,0,pseudo_keep_model_drop,keep,rule_keep_score_ge_threshold,8,환율;국채,달러;금융,
2026-05-16,"글로벌 인플레 우려에 전 세계 국채 동반 급락...""미 12월 금리 인상""",CME(시카고상업거래소) 그룹 페드워치에 따르면 케빈 워시 의장의 미 연방준비제도(연준) 첫 금리 행보는 인상이 될 가능성이 높다. 금리 선물 시장에서는 올해 12월 연준이 0.25%p 금리 인상을 단행할 확률이 50%를 웃도는...,http://www.fnnews.com/news/202605160352596953,1,0.85,rule_keep_score_ge_6_with_hard_match,0.588742,0,pseudo_keep_model_drop,keep,candidate_hybrid_keep_strong_rule_anchor,9,연준;국채,금리,
2026-05-14,"日 10년물 금리, 29년 만에 최고치 재차 경신(상보)","인플레이션 우려에, 시장에서는 미국 연방준비제도(연준·Fed)의 금리 인하 가능성이 낮아졌고, 미국 장기 금리가 상승했다. 이에 더해 미국과 이란의 종전 협상이 교착 상태에 빠진 점도 중동 원유 수입에 크게...",https://news.einfomax.co.kr/news/articleView.html?idxno=4414584,1,0.85,rule_keep_score_ge_6_with_hard_match,0.589993,0,pseudo_keep_model_drop,keep,rule_keep_score_ge_threshold,11,연준;fed,금리,
2026-05-14,스타머 위기에 英채권 매도세…금리 28년만에 최고치,"한편, 이날 영국 채권 매도세는 글로벌 채권시장의 금리 상승을 주도했다고 외신은 분석했다. 미국 10년물 국채금리는 전일 대비 4.9bp 상승한 4.461%를 기록했다. 30년물 국채금리는 3.8bp 오른 5.025%로 최근 20년 중 가장...",https://view.asiae.co.kr/article/2026051309400615807,1,0.85,rule_keep_score_ge_6_with_hard_match,0.590070,0,pseudo_keep_model_drop,keep,rule_keep_score_ge_threshold,10,국채;국채금리,금리;채권,
2026-05-14,"中, 3조 달러 규모 ‘숨겨진 부실채권’의 늪… 경제 성장의 영구적 걸...","수입은 운영비를 겨우 충당하는 수준이며, 73만 달러(약 10억 8,000만 원)에 달하는 은행 대출 이자조차 낼... 만약 이 추정치가 맞다면, 연체된 상태로 분류되어야 할 대출금 3조 달러가 장부상 ‘정상’으로 둔갑해 있는...",https://www.g-enews.com/view.php?ud=2026051315333436280c8c1c064d_1,1,0.85,rule_keep_score_ge_6_with_hard_match,0.590203,0,pseudo_keep_model_drop,keep,rule_keep_score_ge_threshold,15,은행;부실채권,대출;연체;부실;채권;달러,
2026-05-16,"달러-원, 美 주가지수 낙폭 축소에 상승분 일부 반납…1,497.50원 마감",시카고상품거래소(CME) 페드워치툴에 따르면 올해 12월 말까지 연방준비제도(Fed·연준)가 금리인하에 나설 수 있다는 베팅은 연방기금금리 선물시장에서 소멸했다. 금리 선물시장은 금리동결을 기본 시나리오도...,https://news.einfomax.co.kr/news/articleView.html?idxno=4415217,1,0.85,rule_keep_score_ge_6_with_hard_match,0.590207,0,pseudo_keep_model_drop,keep,candidate_hybrid_keep_strong_rule_anchor,12,연준;fed,금리;달러,
2026-05-14,"코인거래액 86.9%↑…슈퍼폼 급등·비트코인 보합, 국채금리 속 코인시...",최근 24시간 국내 가상자산 거래대금이 86.9% 급증하며 비트코인과 리플XRP 중심으로 투자자 자금이... 국내 거래소의 최근 24시간 거래대금은 7조4164억원으로 집계됐다. 전일 대비 2조4721억원 늘며 86.9% 급증했다....,https://www.topstarnews.net/news/articleView.html?idxno=16060049,1,0.85,rule_keep_score_ge_6_with_hard_match,0.592902,0,pseudo_keep_model_drop,keep,rule_keep_score_ge_threshold,11,국채;국채금리;가상자산,금리,
2026-05-15,日금리 급등에 국고채 금리 상승 전환…3년물 연 3.654%(종합),일본 국채금리 급등 등의 영향으로 14일 국고채 금리가 일제히 상승 전환했다. 이날 서울 채권시장에서 3년 만기 국고채 금리는 전 거래일보다 1.9bp(1bp=0.01%포인트) 오른 연 3.654%에 장을 마쳤다. 10년물 금리는 연 4....,https://www.yna.co.kr/view/AKR20260514153151008?input=1195m,1,0.85,rule_keep_score_ge_6_with_hard_match,0.598007,0,pseudo_keep_model_drop,keep,candidate_hybrid_keep_strong_rule_anchor,10,국채;국채금리,금리;채권,
2026-05-14,[타향에서] 금융이 따뜻해야 하는 이유,"최훈 새마을금고미래비전자문위원장 “왜 가장 어려운 사람이 가장 높은 금리를 부담하고, 여유로운 사람이... 따라서 금융기관에는 주주 이익 극대화에 매몰되지 않고, 금융 소외계층을 포용하고 경제 전반의 건전성을...",https://www.jjan.kr/article/20260513500202,1,0.85,rule_keep_score_ge_6_with_hard_match,0.599050,0,pseudo_keep_model_drop,keep,rule_keep_score_ge_threshold,8,새마을금고,금리;건전성;금융,
2026-05-14,“비둘기 가고 매 왔다”…점도표 평균값 얼마나 오를까,“내년까지 금리 네차례 인상” ‘이란전쟁’으로 인플레이션(물가 상승)과 경제 성장의 불확실성이 모두 커진 가운데 한국은행 금융통화위원회 ‘비둘기파(통화완화 정책 선호)’ 위원 후임으로 ‘매파(통화긴축...,https://biz.heraldcorp.com/article/10736968?ref=naver,1,0.85,rule_keep_score_ge_6_with_hard_match,0.600107,0,pseudo_keep_model_drop,keep,rule_keep_score_ge_threshold,10,한국은행;은행,금리;금융,
2026-05-13,[데일리 Talk] 총재 넥타이에 목매는 사람들,한국은행도 금통위원들의 향후 기준금리 전망을 점으로 보여주는 방식을 도입했다. 나라에서 허락한 유일한 점괘인 셈이다. 다만 사람들은 공인한 것 이상의 불확실한 ‘점’을 치길 원한다. 답이 나와 있다면 누가...,https://m.skyedaily.com/news_view.html?ID=303745,1,0.85,rule_keep_score_ge_6_with_hard_match,0.603204,0,pseudo_keep_model_drop,keep,rule_keep_score_ge_threshold,12,한국은행;은행;기준금리,금리,
2026-05-15,"워시 미국 연준의장 상원 인준 통과, 물가 상승 국면에 기준금리 결정 ...",연준은 기준금리를 결정해 물가와 고용 등 미국의 경제 지표를 관리하는 역할을 한다. '물가 상승률 2% 이내'라는 인플레이션 목표치도 설정하고 있다. 그런데 전쟁으로 물가 상승 압력이 가해져 이러한 목표치를...,https://www.businesspost.co.kr/BP?command=article_view&num=437836,1,0.85,rule_keep_score_ge_6_with_hard_match,0.603207,0,pseudo_keep_model_drop,keep,candidate_hybrid_keep_strong_rule_anchor,9,연준;기준금리,금리,
2026-05-13,"증시 랠리에…2금융권, 금리 올려 수신 방어",/뉴시스 주식시장이 호조를 보이면서 저축은행과 상호금융권이 예금 금리를 올리고 있다. 증시로... 실제 한국은행의 경제통계시스템에 따르면 지난 2월 말 기준 상호저축은행과 상호금융권의 수신 잔액은 전월 대비...,http://www.metroseoul.co.kr/article/20260513500007,1,0.85,rule_keep_score_ge_6_with_hard_match,0.603330,0,pseudo_keep_model_drop,keep,rule_keep_score_ge_threshold,19,한국은행;은행;저축은행;상호금융,금리;주식;금융,
2026-05-12,"올해 3%대 물가 우려..KDI, “에너지 운송 불안이 1~1.6%p 높여”","현재 정부와 한국은행의 올해 소비자물가 전망치는 각각 2.1%, 2.2%다. KDI가 전 세계 주요 신문사 기사 중... 하는 만큼, 기대인플레이션이 높아지지 않도록 기준금리 인상 가능성도 열어둘 필요가 있다”고 제언했다.",https://www.joongang.co.kr/article/25427270,1,0.85,rule_keep_score_ge_6_with_hard_match,0.605754,0,pseudo_keep_model_drop,keep,rule_keep_score_ge_threshold,12,한국은행;은행;기준금리,금리,
2026-05-12,[기자수첩] 정치 일정에 또 밀린 디지털자산기본법…한국만 멈춰선 스테...,"해외송금, 무역결제, 디지털 결제망, 토큰증권(STO), 예금토큰 등 금융 인프라 전반과 연결되기 시작했다. 특히 원화 기반 디지털 결제 체계를 선점하지 못할 경우 달러 기반 스테이블코인 의존도가 더 커질 수 있다는 우려도...",https://www.goodkyung.com/news/articleView.html?idxno=286781,1,0.85,rule_keep_score_ge_6_with_hard_match,0.605774,0,pseudo_keep_model_drop,keep,rule_keep_score_ge_threshold,9,토큰증권;sto,달러;원화;금융,
2026-05-14,"씨티은행, 한은 내년4월까지 총 4회 금리인상 예상...정부의 재정 지출...","씨티은행은 한국은행이 기준금리를 내년 4월까지 총 네 차례 인상해 최종 금리가 연 3.5%에 도달할 것이라고 전망했다. 13일 연합뉴스에 따르면 김진욱 씨티은행 이코노미스트는 이날 공개한 보고서에서 ""재정 지출 상방...",http://www.beyondpost.co.kr/view.php?ud=2026051310124023212aaae0046f_30,1,0.85,rule_keep_score_ge_6_with_hard_match,0.606897,0,pseudo_keep_model_drop,keep,rule_keep_score_ge_threshold,17,한국은행;한은;은행;기준금리,금리,
2026-05-13,대통령이 때리자…23년 된 배드뱅크 바로 ‘손절’한 금융권,"이는 연체율 등 건전성 관리 부담으로 이어진다. 금융지주들은 올해 1분기 역대 최대 실적을 거뒀지만 부실채권 규모 역시 처음으로 13조원대를 돌파했다. 금융권에 따르면, 4대 금융그룹의 3월 말 기준 고정이하여신...",https://www.joongang.co.kr/article/25427820,1,0.85,rule_keep_score_ge_6_with_hard_match,0.606918,0,pseudo_keep_model_drop,keep,rule_keep_score_ge_threshold,16,부실채권,연체;연체율;부실;건전성;실적;채권;금융,
2026-05-12,"""금리 인하 꿈 깨라""… 연준 '무기한 동결' 공포에 현금으로 튄다",시장이 기대하던 '상저하고'식 금리 인하 시나리오는 폐기 처분될 위기다. 월가에서는 연준이 기준금리를... 한국은행 역시 자본 유출 우려 때문에 미국보다 먼저 금리를 내리기 힘든 '진퇴양난'에 놓였다. 국내...,https://www.g-enews.com/view.php?ud=202605111416483841fbbec65dfb_1,1,0.85,rule_keep_score_ge_6_with_hard_match,0.609098,0,pseudo_keep_model_drop,keep,rule_keep_score_ge_threshold,17,한국은행;연준;은행;기준금리,금리,
2026-05-14,“인플레 끝난 줄 알았는데”…美 도매물가 6% 급등 충격(종합),크리스 럽키 FWDBONDS 수석 이코노미스트는 “연방준비제도(Fed) 입장에서는 오늘 PPI 보고서를 보고 한숨이 나올 수밖에 없다”며 “누가 연준 의장이든 지금은 금리를 논할 시점이 아니다”라고 말했다. 그는 이어...,http://www.edaily.co.kr/news/newspath.asp?newsid=07872006645448592,1,0.85,rule_keep_score_ge_6_with_hard_match,0.611449,0,pseudo_keep_model_drop,keep,rule_keep_score_ge_threshold,11,연준;fed,금리,
2026-05-12,"떠나는 신성환 ""고성능 자동차된 韓 경제, 제대로 된 에어백·브레이크...","12일 임기 만료를 앞둔 신성환 한국은행 금융통화위원이 11일 기자간담회를 열고 4년여간의 소회를 밝혔다. 신... 한편 4년여 기간 동안 총 30차례에 걸쳐 기준금리 결정에 참여한 신 위원은 ""지금은 전쟁 등 변수로 인하를...",https://www.etoday.co.kr/news/view/2583327,1,0.85,rule_keep_score_ge_6_with_hard_match,0.612713,0,pseudo_keep_model_drop,keep,rule_keep_score_ge_threshold,13,한국은행;은행;기준금리,금리;금융,
2026-05-16,기관 가상자산 진입 조건은 수탁·정산…“거래·보관 분리 필요”,"글로벌 대형 은행들이 이미 관련 인프라를 구축해 운영하는 가운데, 한국 금융기관들도 향후 3~5년 안에 토큰증권(STO), 스테이블코인, 실물연계자산(RWA) 시장을 차례로 마주하게 될 것이라며 선제 공통 인프라 구축...",https://www.etoday.co.kr/news/view/2585058,1,0.85,rule_keep_score_ge_6_with_hard_match,0.613568,0,pseudo_keep_model_drop,keep,candidate_hybrid_keep_strong_rule_anchor,9,가상자산;토큰증권;sto,,
2026-05-15,"하나증권, 위벤처스와 생산적 금융협력… “스타트업 발굴·투자·상장...","초기 투자부터 후속 투자, 자금 조달, 기업공개(IPO) 및 인수합병(M&A) 자문까지 이어지는 종합 금융 지원 체계를 구축할 계획이다. 정영균 하나증권 IB그룹장은 “벤처캐피탈과 증권사는 역할은 다르지만 기업의 성장을...",https://www.munhwa.com/article/11588908?ref=naver,1,0.85,rule_keep_score_ge_6_with_hard_match,0.614188,0,pseudo_keep_model_drop,keep,candidate_hybrid_keep_strong_rule_anchor,11,캐피탈;증권사;ipo,금융,
2026-05-12,"한은, 금통위원 후보에 김진일 고려대 교수 추천","한편 금융통화위원회는 한국은행의 기준금리 등 통화정책을 결정하는 최고 의사결정기구다. 금통위원은 총 7명으로 구성되며, 이 가운데 1명은 전국은행연합회장의 추천을 받아 대통령이 임명한다.",http://www.enewstoday.co.kr/news/articleView.html?idxno=2428177,1,0.85,rule_keep_score_ge_6_with_hard_match,0.614609,0,pseudo_keep_model_drop,keep,rule_keep_score_ge_threshold,18,한국은행;한은;은행;기준금리,금리;금융,
2026-05-13,시중은행은 줄고 인뱅은 늘고…엇갈린 '예대 금리차' 흐름,"기업대출 금리 낮춘 시중은행…예대금리차 축소 시중은행 가운데 예대금리차가 가장 낮은 곳은 우리은행과 KB국민은행으로 각각 1.21%를 기록했다. 우리은행은 전월 대비 0.13%포인트, KB국민은행은 0.06%포인트...",https://www.industrynews.co.kr/news/articleView.html?idxno=80941,1,0.85,rule_keep_score_ge_6_with_hard_match,0.617953,0,pseudo_keep_model_drop,keep,rule_keep_score_ge_threshold,9,은행;예대금리차,금리;대출,
2026-05-16,"김진일 금통위원 ""고유가로 인플레이션 우려 고조 … 통화정책 목표달성...",뉴데일리 김성현 기자 = 향후 4년간 한국은행 기준금리 결정을 맡을 김진일 금융통화위원이 공식 취임했다. 김 위원은 15일 취임사를 통해 “통화정책 의사결정자로서 소임을 맡게 돼 큰 영광이지만 한편으로 무거운...,https://biz.newdaily.co.kr/site/data/html/2026/05/15/2026051500219.html,1,0.85,rule_keep_score_ge_6_with_hard_match,0.618443,0,pseudo_keep_model_drop,keep,candidate_hybrid_keep_strong_rule_anchor,8,한국은행;기준금리,,
2026-05-14,"뉴욕증시, 뜨거운 4월 PPI 반영하며 혼조 출발",전날 CPI에 이어 이날 발표된 PPI도 예상을 대폭 웃돌면서 연방준비제도(Fed·연준) 금리 인하 기대감이 후퇴한 점이 투자심리를 위축시켰다. 미국과 이란 간의 종전 협상이 교착상태에 빠진 가운데 도널드 트럼프...,https://news.einfomax.co.kr/news/articleView.html?idxno=4414685,1,0.85,rule_keep_score_ge_6_with_hard_match,0.619430,0,pseudo_keep_model_drop,keep,rule_keep_score_ge_threshold,14,연준;fed;cp,금리,
2026-05-12,"""아파트 포기하니 DSR 한도 열렸다"" … 주담대 포기한 청년들, 마통 뚫어...","증시가 급락할 경우 개인 투자자의 손실뿐 아니라 금융권 연체율 상승으로 이어질 수 있다는 우려도... 확대로 증시가 하락할 경우, 은행권 연체율 상승을 이끄는 부실 뇌관이 될 수 있다""고 설명했다. 뉴데일리 윤세라",https://biz.newdaily.co.kr/site/data/html/2026/05/11/2026051100091.html,1,0.85,rule_keep_score_ge_6_with_hard_match,0.619740,0,pseudo_keep_model_drop,keep,rule_keep_score_ge_threshold,14,은행;dsr,연체;연체율;부실;금융,
2026-05-13,"신한카드, 상록수 보유 장기연체채권 새도약기금에 전액 매각",상록수는 2000년대 초 카드대란 당시 급증한 부실채권(NPL)을 처리하기 위해 국내 대형 은행과 카드사들이 출자해 설립한 특수목적법인(SPC)이다. 문제는 상록수가 상환 능력을 상실한 연체자의 채무를 조정해주는 정부...,https://www.dnews.co.kr/uhtml/view.jsp?idxno=202605121137597250393,1,0.85,rule_keep_score_ge_6_with_hard_match,0.621333,0,pseudo_keep_model_drop,keep,rule_keep_score_ge_threshold,20,은행;카드사;npl;부실채권,연체;부실;채권,
2026-05-13,워시 미 연준 이사 인준안 통과…13일 의장 인준안 표결,"도널드 트럼프 미국 대통령이 기준금리 인하를 공개적으로 촉구해온 가운데, 워시 지명자가 이끌 새 연준이 어떤 금리 결정을 내릴지 주목됩니다. 기준금리를 결정하는 다음 연방공개시장위원회 회의는 다음달 16∼17일...",https://news.kbs.co.kr/news/pc/view/view.do?ncd=8559282&ref=A,1,0.85,rule_keep_score_ge_6_with_hard_match,0.625189,0,pseudo_keep_model_drop,keep,rule_keep_score_ge_threshold,9,연준;기준금리,금리,
2026-05-14,"""붐은 어차피 온다""…인플레 우려 뚫은 '독자적' 랠리",전날 소비자물가지수(CPI)에 이어 이날 발표된 PPI도 예상을 대폭 웃돌면서 연방준비제도(Fed·연준) 금리 인하 기대감이 후퇴한 점이 투자심리를 위축시켰다. 미 노동부에 따르면 4월 PPI는 계절 조정 기준으로 전달...,http://www.wowtv.co.kr/NewsCenter/News/Read?articleId=A202605140118&t=NN,1,0.85,rule_keep_score_ge_6_with_hard_match,0.627037,0,pseudo_keep_model_drop,keep,rule_keep_score_ge_threshold,14,연준;fed;cp,금리,
2026-05-13,[아주경제 오늘의 뉴스 종합] 8000피에 단 1포인트 남기고 하락 반전한 ...,"하나은행, IBK기업은행, 신한카드, 우리카드 등은 12일 민간 부실채권 처리회사 '상록수'가 보유한 장기연체채권 중 자사 지분에 해당하는 채권 전액을 한국자산관리공사(캠코)의 새도약기금에 매각하기로 결정했다고...",https://www.ajunews.com/view/20260512213602669,1,0.85,rule_keep_score_ge_6_with_hard_match,0.628282,0,pseudo_keep_model_drop,keep,rule_keep_score_ge_threshold,13,은행;부실채권,연체;부실;채권,
2026-05-15,"한은 ""자산 토큰화, 스테이블코인보다 CBDC·예금토큰이 안정적""","부동산, 음원 저작권 등 조각투자 중심으로 형성돼 있으며, 본격적인 토큰증권(STO) 시장으로 발전하기 위해서는 인프라 구축이 시급하다는 진단이다. 한국은행은 ▲유동성 공급 장치 ▲가치평가·수탁·공시 체계 구축...",https://www.tokenpost.kr/news/blockchain/359540,1,0.85,rule_keep_score_ge_6_with_hard_match,0.628581,0,pseudo_keep_model_drop,keep,candidate_hybrid_keep_strong_rule_anchor,22,한국은행;한은;은행;유동성;토큰증권;sto,,
2026-05-13,[은행가] 하나금융그룹 맞춤형 자산관리 세미나 '머니쇼' 外,"TF는 코스닥 상장기업 및 정책 분석 보고서 발간, 우량 기업 IR 지원 및 투자자 연계, IPO 가능성 보유 기업 발굴 등을 추진하고 있다. 이날 기자 간담회에서는 중소기업 지원, 생산적 금융 확대 등 주요 현안과 향후...",https://www.slist.kr/news/articleView.html?idxno=738494,1,0.85,rule_keep_score_ge_6_with_hard_match,0.630630,0,pseudo_keep_model_drop,keep,rule_keep_score_ge_threshold,10,은행;ipo,코스닥;금융,
2026-05-13,"'취임 100일' 장민영 기업은행장 ""신용등급-금리 타당한지 검토""","기업공개(IPO) 가능성이 있는 기업 발굴도 추진한다. 장 행장은 ""코스닥보다 나스닥 시장 상장에 관심이 증가하는 것은 우리 모두가 인지하는 현실""이라며 ""코스닥 상장기업에 대한 정보를 얻고자 하면 리서치 보고서가...",https://www.mt.co.kr/finance/2026/05/13/2026051213030611648,1,0.85,rule_keep_score_ge_6_with_hard_match,0.631175,0,pseudo_keep_model_drop,keep,rule_keep_score_ge_threshold,10,은행;ipo,금리;코스닥,
2026-05-12,"신성환 금통위원, ""금리인하 논하기 어려워…물가 상승 압력 커진 탓""","신성환 한국은행 금융통화위원이 11일 ""미래 물가에 대한 불확실성이 굉장히 크다""며 ""지금은 금리 인하를... 금융통화위원회에서 기준금리 동결 가능성을 넘어 인상 가능성까지 거론되는 분위기다.신 위원은 이날 퇴임...",https://www.asiatoday.co.kr/kn/view.php?key=20260511010002578,1,0.85,rule_keep_score_ge_6_with_hard_match,0.632251,0,pseudo_keep_model_drop,keep,rule_keep_score_ge_threshold,13,한국은행;은행;기준금리,금리;금융,
2026-05-13,"골드만삭스·BofA, 美 금리인하 시기 늦춰",골드만삭스와 뱅크오브아메리카(BofA)가 미국 연방준비제도(Fed·연준)의 금리인하 시기 전망을 더 늦췄다고 로이터 통신이 11일(현지시간) 보도했다. 골드만삭스는 올해 9월 첫 인하를 단행할 것이라는 기존 전망을...,https://www.yna.co.kr/view/AKR20260512095100009?input=1195m,1,0.85,rule_keep_score_ge_6_with_hard_match,0.632777,0,pseudo_keep_model_drop,keep,rule_keep_score_ge_threshold,11,연준;fed,금리,
2026-05-13,"KB국민은행, 장기 연체 채권 캠코 매각… ""취약계층 빚 탕감 돕는다""",KB국민은행이 장기 연체로 고통받는 취약계층의 빚 부담을 덜어주고 이들의 경제적 재기를 돕기 위해 대규모 채권 정리에 나선다. KB국민은행은 민간 부실채권 처리회사인 '상록수제일차유동화전문유한회사'가 보유한...,http://www.dailysmart.co.kr/news/articleView.html?idxno=123941,1,0.85,rule_keep_score_ge_6_with_hard_match,0.638004,0,pseudo_keep_model_drop,keep,rule_keep_score_ge_threshold,13,은행;부실채권,연체;부실;채권,
2026-05-14,'제2의 상록수' 또 있었다… 2조원대 부실채권 쥐고 '이자 장사',"케이비스타는 지난 2020년 국민은행이 보유했던 10년 이상 장기 연체 채권을 넘겨받아 관리하기 위해 설립된 SPC다. 설립 당시 넘겨받은 대출 원금은 약 8628억 원(차주 4만4450명)이었으나, 여기에 붙은 연체 이자만 1조2427억...",https://www.pointdaily.co.kr/news/articleView.html?idxno=304810,1,0.85,rule_keep_score_ge_6_with_hard_match,0.639631,0,pseudo_keep_model_drop,keep,rule_keep_score_ge_threshold,14,은행;부실채권,대출;연체;부실;채권,
2026-05-13,"IBK기업은행,  'IBK 코스닥 붐업 데이' 행사 진행","앞서 기업은행은 지난 3월 'IBK 코스닥 활성화 TF'를 구성해 코스닥 상장기업 분석 보고서 발간, 우량 기업 IR 지원, IPO 가능 기업 발굴 등을 추진하고 있다. 장민영 은행장은 환영사를 통해 ""앞으로도 기업과 투자자를...",http://www.popcornnews.net/news/articleView.html?idxno=121032,1,0.85,rule_keep_score_ge_6_with_hard_match,0.642518,0,pseudo_keep_model_drop,keep,rule_keep_score_ge_threshold,9,은행;ipo,코스닥,
2026-05-13,"KB국민은행, 상록수 보유 장기연체채권 전액 매각…""KB국민카드 동의""",카드대란 당시 설립된 민간 부실채권 처리회사의 장기 연체채권 추심 문제가 도마에 오른 가운데 KB국민은행이 관련 연체채권 전액을 정리키로 했다. KB국민은행은 민간 부실채권 처리회사...,https://www.getnews.co.kr/news/articleView.html?idxno=869943,1,0.85,rule_keep_score_ge_6_with_hard_match,0.642816,0,pseudo_keep_model_drop,keep,rule_keep_score_ge_threshold,13,은행;부실채권,연체;부실;채권,
2026-05-14,"[단독] 금감원, 이지스운용 대표 가족회사 신용공여 의혹 “문제없다”...",13일 투자은행(IB) 업계에 따르면 금감원은 최근 이지스자산운용에 ‘대주주 신용공여 금지 위반’... 이지스자산운용 관계자는 “조 대표는 금감원 검사가 이지스의 내부통제 체계를 정교하게 보완하는 계기가 되었다는...,https://www.sedaily.com/article/20043564?ref=naver,1,0.85,rule_keep_score_ge_6_with_hard_match,0.644345,0,pseudo_keep_model_drop,keep,rule_keep_score_ge_threshold,9,금감원;은행,,
2026-05-12,"불장 올라탄 삼성증권, 1분기 '어닝 서프라이즈'","삼성증권은 케이뱅크 IPO와 화성코스메틱스 인수금융, 나우코스 공개매수 딜 등을 성공적으로 마무리해 이 같은 성적을 거뒀다고 설명했다. 지난달 5일 올해 1호 코스피 상장사로 나선 케이뱅크는 시가총액 조 단위...",https://www.mk.co.kr/article/12043555,1,0.75,rule_keep_score_ge_6_with_hard_match,0.540577,0,pseudo_keep_model_drop,keep,rule_keep_score_ge_threshold,7,ipo,코스피;금융,
2026-05-13,"미래에셋증권, 업계 최초 분기 순이익 1조 달성…전년 대비 288%↑",회사는 2분기 말 예상되는 IPO(기업공개) 과정에서 추가 평가이익을 기대하고 있다. 홍콩 상장기업에 대한 코너스톤 투자도 수익에 기여했다. 미래에셋증권은 지난 3월 이란 전쟁에 따른 급격한 주가 하락에도...,https://www.sidae.com/article/2026051210144372995,1,0.75,rule_keep_score_ge_6_with_hard_match,0.551280,0,pseudo_keep_model_drop,keep,rule_keep_score_ge_threshold,6,ipo,순이익;주가,
2026-05-16,[뉴욕증시] 반도체주 폭락·국채 수익률 급등에 3대 지수 추락,유가 상승으로 인한 인플레이션 재발 우려는 채권 시장을 자극했다. 미국 30년 만기 국채 수익률은 5.1%를 돌파하며 2025년 이후 최고치를 기록했다. 금리 상승 압박은 고성장 기술주에 직격탄을 날렸다. 그간 시장 상승을...,https://www.g-enews.com/view.php?ud=202605160522119057e250e8e188_1,1,0.75,rule_keep_score_ge_6_with_hard_match,0.559112,0,pseudo_keep_model_drop,keep,candidate_hybrid_gray_keep_rule_score_ge_threshold,6,국채,금리;채권,
2026-05-14,"여수경찰서, 보이스피싱 피해 예방 은행원, 감사장·포상금 수여",▲새여수새마을금고 감사장수여 ⓒ여수경찰서 여수경찰서는 13일 세심한 관찰력과 신속한 112신고로 보이스피싱 피해를 예방한 광주은행 여수지점 A씨와 MG새여수새마을금고 본점 B씨 등에게 112신고 공로자 포상금과...,http://www.netongs.com/news/articleView.html?idxno=332902,1,0.75,rule_keep_score_ge_6_with_hard_match,0.561722,0,pseudo_keep_model_drop,keep,rule_keep_score_ge_threshold,7,은행;새마을금고,,
2026-05-16,"美 국채금리 급등 속, 비트코인·알트코인 '장중 급락'",16일 국내외 가상자산거래소에서 비트코인과 알트코인(비트코인 이외의 가상화폐) 가격이 장중 약세를 기록 중이다. 15일(현지시간) 뉴욕증시에서 미국 국채금리 급등과 주요 기술주 하락 속에 3대 지수가 모두...,http://www.choicenews.co.kr/news/articleView.html?idxno=165345,1,0.75,rule_keep_score_ge_6_with_hard_match,0.568762,0,pseudo_keep_model_drop,keep,candidate_hybrid_gray_keep_rule_score_ge_threshold,7,국채금리;가상자산,,
2026-05-13,"[클릭 e종목]삼성증권, 목표주가 올랐는데 투자의견 낮아진 이유는",기업금융(IB) 관련 수수료수익은 케이뱅크 기업공개(IPO) 등 다수의 상장 주관 및 인수금융 딜을 수행했고 구조화금융부문 수익이 견조하게 유지되며 전년 동기 대비 26.2% 증가한 416억원을 기록했다. 박 연구원은...,https://view.asiae.co.kr/article/2026051216474006695,1,0.75,rule_keep_score_ge_6_with_hard_match,0.570801,0,pseudo_keep_model_drop,keep,rule_keep_score_ge_threshold,7,ipo,수수료;주가;금융,
2026-05-13,"AI 기업 마키나락스, 코스닥 출격…14조 몰렸다","2%로 코스닥 IPO 역대 최고치를 경신했다. 2017년 설립된 마키나락스는 자동차·반도체·에너지·국방 등 산업 현장에 특화된 엔터프라이즈 AI OS(운영체제) ‘런웨이’를 공급하고 있으며, 이달 20일 코스닥에 상장할...",https://www.sedaily.com/article/20043299?ref=naver,1,0.75,rule_keep_score_ge_6_with_hard_match,0.573568,0,pseudo_keep_model_drop,keep,rule_keep_score_ge_threshold,6,ipo,코스닥,
2026-05-13,"구윤철 ""전쟁·주요국 금리인상 가능성…국채시장 모니터링 강화""","금융시장 안정과 국채 투자 기반 확대에 기여하고 있다고 평가하면서, 중동전쟁과 주요국 금리 인상 가능성... 통해 국채시장을 안정적으로 관리해 나가겠다""고 강조했다. 이날 회의에서는 최근 채권시장 약세 흐름과...",https://www.newsis.com/view/NISX20260512_0003626536,1,0.75,rule_keep_score_ge_6_with_hard_match,0.597947,0,pseudo_keep_model_drop,keep,rule_keep_score_ge_threshold,7,국채,금리;채권;금융,
2026-05-14,"'활동계좌 3910만개' 美최대증권사 찰스슈왑, 코인 거래서비스 출시",찰스슈왑은 13일(현지시간) 자격을 갖춘 일부 고객들이 새로운 가상자산 거래 플랫폼인 ‘슈왑 크립토’를 통해 비트코인을 거래할 수 있게 됐다고 발표했다. 이번 출시는 개인투자자들이 제3자 거래소나 상장지수펀드...,http://www.edaily.co.kr/news/newspath.asp?newsid=02938886645448920,1,0.75,rule_keep_score_ge_6_with_hard_match,0.598515,0,pseudo_keep_model_drop,keep,rule_keep_score_ge_threshold,6,증권사;가상자산,,
2026-05-15,코스닥 상장 문턱 높아진 바이오 업계…신약 개발사 상장 일정 줄줄이 ...,관련 업계에 따르면 현재 한국거래소에 상장 예비심사를 청구하고 IPO 절차에 들어간 신약 개발 기업은 넥스트젠바이오사이언스와 인제니아테라퓨틱스 2곳에 그친다. 지난해부터 IPO를 준비해온 일부 기업은 일정을...,https://mdtoday.co.kr/news/view/1065592184086815,1,0.75,rule_keep_score_ge_6_with_hard_match,0.599112,0,pseudo_keep_model_drop,keep,candidate_hybrid_gray_keep_rule_score_ge_threshold,6,ipo,코스닥,
2026-05-14,"중기중앙회, '강화되는 공정거래법 제재, 중소기업 대응 전략 설명회' 개...","갖추는 것이 중요하다""며 ""이번 설명회가 공정거래법 제재 강화 흐름에 대한 중소기업의 이해도를 높이고 CP 활용 확산과 함께 대기업의 불공정거래 행위에도 효과적으로 대응할 수 있는 계기가 되기를 바란다""고 밝혔다.",http://www.snmnews.com/news/articleView.html?idxno=569338,1,0.75,rule_keep_score_ge_6_with_hard_match,0.601808,0,pseudo_keep_model_drop,keep,rule_keep_score_ge_threshold,6,cp;불공정거래,,
2026-05-13,"마키나락스, 청약 경쟁률 2807대 1… 증거금 13.9조 역대 최고","주문금액은 약 30조원, 의무보유 확약 비율은 78.2%로 코스닥 IPO 역대 최고치를 경신했다. 마키나락스는 오는 20일 코스닥 시장에 상장할 예정이다. 한편, 마키나락스는 2017년 설립된 피지컬 AI 기업이다. 자체...",https://www.ddaily.co.kr/page/view/2026051217450417392,1,0.75,rule_keep_score_ge_6_with_hard_match,0.602834,0,pseudo_keep_model_drop,keep,rule_keep_score_ge_threshold,6,ipo,코스닥,
2026-05-14,"美상원, 케빈 워시 차기 연준 의장 인준…주중 취임할 듯",연준은 올해 들어 휘발유 가격 급등 등의 영향을 평가하면서 3차례 연속으로 금리를 동결했다. ‘워시 연준’이 트럼프 대통령의 금리 인하 압박 속에서 앞으로 어떤 행보를 보일지 관심이 쏠린다.,https://www.kukinews.com/article/view/kuk202605140001,1,0.75,rule_keep_score_ge_6_with_hard_match,0.603805,0,pseudo_keep_model_drop,keep,rule_keep_score_ge_threshold,6,연준,금리,
2026-05-15,"'돈이 넘쳐나는 증시'…코스모로보틱스 '4연상', 폴레드는 상장 첫날 '따...",com 웨어러블 로봇 기업 코스모로보틱스가 코스닥시장 상장 후 4거래일 연속 상한가를 기록 중이다. 14일... 기업공개(IPO)로 확보한 자금은 총 250억2000만원이다. 코스모로보틱스는 공모자금을 연구·개발(R&D) 등에...,https://www.ajunews.com/view/20260514143420675,1,0.75,rule_keep_score_ge_6_with_hard_match,0.604379,0,pseudo_keep_model_drop,keep,candidate_hybrid_gray_keep_rule_score_ge_threshold,6,ipo,코스닥,
2026-05-15,"""금리인상 말만 막아도 성공""…6월 美FOMC로 워시 첫 시험대",또 연준이 장기채 보유 규모를 축소하면 단기금리를 낮출 공간이 생길 수 있다는 주장도 내놨다. 워시는 현재 물가 지표가 실제 인플레이션 압력을 과도하게 반영하고 있다는 주장도 펴고 있다. 하지만 연준 내부에서는...,https://www.news1.kr/world/international-economy/6166188,1,0.75,rule_keep_score_ge_6_with_hard_match,0.605361,0,pseudo_keep_model_drop,keep,candidate_hybrid_gray_keep_rule_score_ge_threshold,6,연준,금리,
2026-05-12,"모건스탠리 ""연준, 이란전쟁 끝나면 연내 금리인하할 것""","전에 연준이 금리를 내릴 것""이라고 말했다. 그는 ""대략 전쟁이 끝난 후 6개월 정도 후 금리인하가 이뤄질 것""이라며 ""만일 앞으로 몇주 내 전쟁이 끝난다면 올해 말쯤 금리 인하가 가능할 수 있다""고 부연했다. 슬리먼...",https://news.einfomax.co.kr/news/articleView.html?idxno=4414047,1,0.75,rule_keep_score_ge_6_with_hard_match,0.608538,0,pseudo_keep_model_drop,keep,rule_keep_score_ge_threshold,6,연준,금리,
2026-05-12,"DB증권, 부산 블록체인 특화사업 우선협상대상자 선정…탄소감축 STO 플...","DB증권이 부산시 블록체인 특화사업에서 STO(토큰증권) 플랫폼 구축 우선협상대상자로 선정되며 디지털 자산 사업 확대에 나선다. DB증권은 과학기술정보통신부와 한국인터넷진흥원이 추진하고, 부산광역시 및...",https://view.asiae.co.kr/article/2026051110152154942,1,0.75,rule_keep_score_ge_6_with_hard_match,0.616485,0,pseudo_keep_model_drop,keep,rule_keep_score_ge_threshold,6,토큰증권;sto,,
2026-05-12,"비토즈 “토큰증권, 결제 과정 바뀌지 않으면 반쪽짜리 혁신”",“결제 과정이 바뀌지 않으면 토큰증권(STO)은 반쪽짜리 혁신에 불과합니다.” 11일 서울 여의도 금융투자협회에서 열린 ‘STO 발행·유통 활성화와 디지털자산 발전 정책 세미나’에서 박상훈 비토즈 상무는 이같이...,https://byline.network/?p=9004111222602073,1,0.75,rule_keep_score_ge_6_with_hard_match,0.618148,0,pseudo_keep_model_drop,keep,rule_keep_score_ge_threshold,7,토큰증권;sto,금융,
2026-05-13,금리인하 멀어지나…월가 전망 줄줄이 '연기',뱅크오브아메리카(BofA) 글로벌 리서치도 올해 연준이 금리를 동결한 뒤 내년 7월과 9월 각각 25bp(1bp=0.01%포인트)씩 인하할 것으로 전망을 수정했다. BofA는 같은 날 보고서에서 케빈 워시 연준 의장 내정자가 금리인하를...,http://www.wowtv.co.kr/NewsCenter/News/Read?articleId=A202605120417&t=NN,1,0.75,rule_keep_score_ge_6_with_hard_match,0.619179,0,pseudo_keep_model_drop,keep,rule_keep_score_ge_threshold,6,연준,금리,
2026-05-12,"[20일 특징주] 코스모로보틱스, 코스닥 데뷔 첫날 '따따블' 달성","코스모로보틱스가 코스닥 시장 상장 첫날 '따따블(공모가 4배)'을 기록하며 성공적인 데뷔를 마쳤다. 11일... 사측은 이번 IPO(기업공개)를 통해 확보한 자금을 미국과 일본, 러시아 등 글로벌 시장 확대에 투입하고...",https://www.newsworks.co.kr/news/articleView.html?idxno=840392,1,0.75,rule_keep_score_ge_6_with_hard_match,0.621640,0,pseudo_keep_model_drop,keep,rule_keep_score_ge_threshold,6,ipo,코스닥,
2026-05-12,"코스닥 데뷔한 코스모로보틱스, '따따블' 성공",웨어러블 로봇 기업 코스모로보틱스가 상장 첫 날 따따블(4배 상승)에 달성에 성공했다. 11일 오전... IPO(기업공개)로 확보한 자금은 총 250억2000만원이다. 코스모로보틱스는 공모자금을 R&D(연구·개발)에 활용할...,https://www.mt.co.kr/stock/2026/05/11/2026051109143148705,1,0.75,rule_keep_score_ge_6_with_hard_match,0.630644,0,pseudo_keep_model_drop,keep,rule_keep_score_ge_threshold,6,ipo,코스닥,
2026-05-16,"은행·가상자산 첫 거래 나왔다...하나금융, 두나무 1조원 규모 지분 인...","시중은행이 가상자산거래소의 지분을 인수한 건 이번이 처음이다. 15일 하나금융은 주요 관계사인 하나은행을 통해 두나무의 1조원 규모 지분을 취득하고, 전략적 파트너십을 강화한다고 밝혔다. 두나무는 가상자산거래소...",https://www.asiaa.co.kr/news/articleView.html?idxno=249646,1,0.75,rule_keep_score_ge_6_with_hard_match,0.641268,0,pseudo_keep_model_drop,keep,candidate_hybrid_gray_keep_rule_score_ge_threshold,6,은행;가상자산,,
